day,state,num_deaths
2020-1-25,MS,0
2020-1-26,MS,0
2020-1-27,MS,0
2020-1-28,MS,0
2020-1-29,MS,0
2020-1-30,MS,0
2020-1-31,MS,0
2020-2-1,MS,0
2020-2-2,MS,0
2020-2-3,MS,0
2020-2-4,MS,0
2020-2-5,MS,0
2020-2-6,MS,0
2020-2-7,MS,0
2020-2-8,MS,0
2020-2-9,MS,0
2020-2-10,MS,0
2020-2-11,MS,0
2020-2-12,MS,0
2020-2-13,MS,0
2020-2-14,MS,0
2020-2-15,MS,0
2020-2-16,MS,0
2020-2-17,MS,0
2020-2-18,MS,0
2020-2-19,MS,0
2020-2-20,MS,0
2020-2-21,MS,0
2020-2-22,MS,0
2020-2-23,MS,0
2020-2-24,MS,0
2020-2-25,MS,0
2020-2-26,MS,0
2020-2-27,MS,0
2020-2-28,MS,0
2020-2-29,MS,0
2020-3-1,MS,0
2020-3-2,MS,0
2020-3-3,MS,0
2020-3-4,MS,0
2020-3-5,MS,0
2020-3-6,MS,0
2020-3-7,MS,0
2020-3-8,MS,0
2020-3-9,MS,0
2020-3-10,MS,0
2020-3-11,MS,0
2020-3-12,MS,0
2020-3-13,MS,0
2020-3-14,MS,0
2020-3-15,MS,0
2020-3-16,MS,0
2020-3-17,MS,0
2020-3-18,MS,0
2020-3-19,MS,1
2020-3-20,MS,0
2020-3-21,MS,0
2020-3-22,MS,0
2020-3-23,MS,0
2020-3-24,MS,0
2020-3-25,MS,4
2020-3-26,MS,1
2020-3-27,MS,2
2020-3-28,MS,5
2020-3-29,MS,1
2020-3-30,MS,2
2020-3-31,MS,4
2020-4-1,MS,2
2020-4-2,MS,4
2020-4-3,MS,3
2020-4-4,MS,6
2020-4-5,MS,8
2020-4-6,MS,8
2020-4-7,MS,8
2020-4-8,MS,8
2020-4-9,MS,9
2020-4-10,MS,6
2020-4-11,MS,11
2020-4-12,MS,3
2020-4-13,MS,2
2020-4-14,MS,13
2020-4-15,MS,11
2020-4-16,MS,7
2020-4-17,MS,11
2020-4-18,MS,12
2020-4-19,MS,7
2020-4-20,MS,10
2020-4-21,MS,14
2020-4-22,MS,10
2020-4-23,MS,8
2020-4-24,MS,8
2020-4-25,MS,12
2020-4-26,MS,6
2020-4-27,MS,2
2020-4-28,MS,10
2020-4-29,MS,11
2020-4-30,MS,11
2020-5-1,MS,20
2020-5-2,MS,10
2020-5-3,MS,12
2020-5-4,MS,7
2020-5-5,MS,32
2020-5-6,MS,32
2020-5-7,MS,22
2020-5-8,MS,13
2020-5-9,MS,12
2020-5-10,MS,9
2020-1-25,OK,0
2020-1-26,OK,0
2020-1-27,OK,0
2020-1-28,OK,0
2020-1-29,OK,0
2020-1-30,OK,0
2020-1-31,OK,0
2020-2-1,OK,0
2020-2-2,OK,0
2020-2-3,OK,0
2020-2-4,OK,0
2020-2-5,OK,0
2020-2-6,OK,0
2020-2-7,OK,0
2020-2-8,OK,0
2020-2-9,OK,0
2020-2-10,OK,0
2020-2-11,OK,0
2020-2-12,OK,0
2020-2-13,OK,0
2020-2-14,OK,0
2020-2-15,OK,0
2020-2-16,OK,0
2020-2-17,OK,0
2020-2-18,OK,0
2020-2-19,OK,0
2020-2-20,OK,0
2020-2-21,OK,0
2020-2-22,OK,0
2020-2-23,OK,0
2020-2-24,OK,0
2020-2-25,OK,0
2020-2-26,OK,0
2020-2-27,OK,0
2020-2-28,OK,0
2020-2-29,OK,0
2020-3-1,OK,0
2020-3-2,OK,0
2020-3-3,OK,0
2020-3-4,OK,0
2020-3-5,OK,0
2020-3-6,OK,0
2020-3-7,OK,0
2020-3-8,OK,0
2020-3-9,OK,0
2020-3-10,OK,0
2020-3-11,OK,0
2020-3-12,OK,0
2020-3-13,OK,0
2020-3-14,OK,0
2020-3-15,OK,0
2020-3-16,OK,0
2020-3-17,OK,0
2020-3-18,OK,0
2020-3-19,OK,1
2020-3-20,OK,0
2020-3-21,OK,0
2020-3-22,OK,1
2020-3-23,OK,0
2020-3-24,OK,1
2020-3-25,OK,2
2020-3-26,OK,2
2020-3-27,OK,1
2020-3-28,OK,7
2020-3-29,OK,1
2020-3-30,OK,1
2020-3-31,OK,6
2020-4-1,OK,7
2020-4-2,OK,4
2020-4-3,OK,4
2020-4-4,OK,4
2020-4-5,OK,4
2020-4-6,OK,5
2020-4-7,OK,16
2020-4-8,OK,12
2020-4-9,OK,1
2020-4-10,OK,8
2020-4-11,OK,5
2020-4-12,OK,3
2020-4-13,OK,2
2020-4-14,OK,11
2020-4-15,OK,14
2020-4-16,OK,8
2020-4-17,OK,5
2020-4-18,OK,3
2020-4-19,OK,1
2020-4-20,OK,3
2020-4-21,OK,21
2020-4-22,OK,5
2020-4-23,OK,10
2020-4-24,OK,9
2020-4-25,OK,6
2020-4-26,OK,1
2020-4-27,OK,2
2020-4-28,OK,10
2020-4-29,OK,7
2020-4-30,OK,8
2020-5-1,OK,8
2020-5-2,OK,8
2020-5-3,OK,0
2020-5-4,OK,0
2020-5-5,OK,9
2020-5-6,OK,6
2020-5-7,OK,7
2020-5-8,OK,6
2020-5-9,OK,4
2020-5-10,OK,2
2020-1-25,TN,0
2020-1-26,TN,0
2020-1-27,TN,0
2020-1-28,TN,0
2020-1-29,TN,0
2020-1-30,TN,0
2020-1-31,TN,0
2020-2-1,TN,0
2020-2-2,TN,0
2020-2-3,TN,0
2020-2-4,TN,0
2020-2-5,TN,0
2020-2-6,TN,0
2020-2-7,TN,0
2020-2-8,TN,0
2020-2-9,TN,0
2020-2-10,TN,0
2020-2-11,TN,0
2020-2-12,TN,0
2020-2-13,TN,0
2020-2-14,TN,0
2020-2-15,TN,0
2020-2-16,TN,0
2020-2-17,TN,0
2020-2-18,TN,0
2020-2-19,TN,0
2020-2-20,TN,0
2020-2-21,TN,0
2020-2-22,TN,0
2020-2-23,TN,0
2020-2-24,TN,0
2020-2-25,TN,0
2020-2-26,TN,0
2020-2-27,TN,0
2020-2-28,TN,0
2020-2-29,TN,0
2020-3-1,TN,0
2020-3-2,TN,0
2020-3-3,TN,0
2020-3-4,TN,0
2020-3-5,TN,0
2020-3-6,TN,0
2020-3-7,TN,0
2020-3-8,TN,0
2020-3-9,TN,0
2020-3-10,TN,0
2020-3-11,TN,0
2020-3-12,TN,0
2020-3-13,TN,0
2020-3-14,TN,0
2020-3-15,TN,0
2020-3-16,TN,0
2020-3-17,TN,0
2020-3-18,TN,0
2020-3-19,TN,0
2020-3-20,TN,0
2020-3-21,TN,2
2020-3-22,TN,0
2020-3-23,TN,0
2020-3-24,TN,0
2020-3-25,TN,1
2020-3-26,TN,0
2020-3-27,TN,3
2020-3-28,TN,0
2020-3-29,TN,1
2020-3-30,TN,6
2020-3-31,TN,0
2020-4-1,TN,10
2020-4-2,TN,9
2020-4-3,TN,4
2020-4-4,TN,11
2020-4-5,TN,3
2020-4-6,TN,15
2020-4-7,TN,7
2020-4-8,TN,11
2020-4-9,TN,12
2020-4-10,TN,9
2020-4-11,TN,3
2020-4-12,TN,0
2020-4-13,TN,7
2020-4-14,TN,9
2020-4-15,TN,14
2020-4-16,TN,7
2020-4-17,TN,6
2020-4-18,TN,2
2020-4-19,TN,4
2020-4-20,TN,6
2020-4-21,TN,5
2020-4-22,TN,10
2020-4-23,TN,3
2020-4-24,TN,0
2020-4-25,TN,7
2020-4-26,TN,3
2020-4-27,TN,2
2020-4-28,TN,6
2020-4-29,TN,6
2020-4-30,TN,4
2020-5-1,TN,6
2020-5-2,TN,5
2020-5-3,TN,1
2020-5-4,TN,5
2020-5-5,TN,9
2020-5-6,TN,12
2020-5-7,TN,1
2020-5-8,TN,-7
2020-5-9,TN,1
2020-5-10,TN,1
2020-1-25,OR,0
2020-1-26,OR,0
2020-1-27,OR,0
2020-1-28,OR,0
2020-1-29,OR,0
2020-1-30,OR,0
2020-1-31,OR,0
2020-2-1,OR,0
2020-2-2,OR,0
2020-2-3,OR,0
2020-2-4,OR,0
2020-2-5,OR,0
2020-2-6,OR,0
2020-2-7,OR,0
2020-2-8,OR,0
2020-2-9,OR,0
2020-2-10,OR,0
2020-2-11,OR,0
2020-2-12,OR,0
2020-2-13,OR,0
2020-2-14,OR,0
2020-2-15,OR,0
2020-2-16,OR,0
2020-2-17,OR,0
2020-2-18,OR,0
2020-2-19,OR,0
2020-2-20,OR,0
2020-2-21,OR,0
2020-2-22,OR,0
2020-2-23,OR,0
2020-2-24,OR,0
2020-2-25,OR,0
2020-2-26,OR,0
2020-2-27,OR,0
2020-2-28,OR,0
2020-2-29,OR,0
2020-3-1,OR,0
2020-3-2,OR,0
2020-3-3,OR,0
2020-3-4,OR,0
2020-3-5,OR,0
2020-3-6,OR,0
2020-3-7,OR,0
2020-3-8,OR,0
2020-3-9,OR,0
2020-3-10,OR,0
2020-3-11,OR,0
2020-3-12,OR,0
2020-3-13,OR,0
2020-3-14,OR,1
2020-3-15,OR,0
2020-3-16,OR,0
2020-3-17,OR,1
2020-3-18,OR,1
2020-3-19,OR,0
2020-3-20,OR,0
2020-3-21,OR,1
2020-3-22,OR,1
2020-3-23,OR,0
2020-3-24,OR,3
2020-3-25,OR,2
2020-3-26,OR,1
2020-3-27,OR,1
2020-3-28,OR,1
2020-3-29,OR,0
2020-3-30,OR,3
2020-3-31,OR,2
2020-4-1,OR,1
2020-4-2,OR,2
2020-4-3,OR,1
2020-4-4,OR,4
2020-4-5,OR,1
2020-4-6,OR,2
2020-4-7,OR,4
2020-4-8,OR,5
2020-4-9,OR,6
2020-4-10,OR,4
2020-4-11,OR,3
2020-4-12,OR,1
2020-4-13,OR,1
2020-4-14,OR,2
2020-4-15,OR,3
2020-4-16,OR,6
2020-4-17,OR,6
2020-4-18,OR,2
2020-4-19,OR,2
2020-4-20,OR,1
2020-4-21,OR,3
2020-4-22,OR,0
2020-4-23,OR,5
2020-4-24,OR,3
2020-4-25,OR,1
2020-4-26,OR,4
2020-4-27,OR,1
2020-4-28,OR,7
2020-4-29,OR,2
2020-4-30,OR,2
2020-5-1,OR,1
2020-5-2,OR,5
2020-5-3,OR,0
2020-5-4,OR,0
2020-5-5,OR,4
2020-5-6,OR,2
2020-5-7,OR,6
2020-5-8,OR,3
2020-5-9,OR,3
2020-5-10,OR,0
2020-1-25,DE,0
2020-1-26,DE,0
2020-1-27,DE,0
2020-1-28,DE,0
2020-1-29,DE,0
2020-1-30,DE,0
2020-1-31,DE,0
2020-2-1,DE,0
2020-2-2,DE,0
2020-2-3,DE,0
2020-2-4,DE,0
2020-2-5,DE,0
2020-2-6,DE,0
2020-2-7,DE,0
2020-2-8,DE,0
2020-2-9,DE,0
2020-2-10,DE,0
2020-2-11,DE,0
2020-2-12,DE,0
2020-2-13,DE,0
2020-2-14,DE,0
2020-2-15,DE,0
2020-2-16,DE,0
2020-2-17,DE,0
2020-2-18,DE,0
2020-2-19,DE,0
2020-2-20,DE,0
2020-2-21,DE,0
2020-2-22,DE,0
2020-2-23,DE,0
2020-2-24,DE,0
2020-2-25,DE,0
2020-2-26,DE,0
2020-2-27,DE,0
2020-2-28,DE,0
2020-2-29,DE,0
2020-3-1,DE,0
2020-3-2,DE,0
2020-3-3,DE,0
2020-3-4,DE,0
2020-3-5,DE,0
2020-3-6,DE,0
2020-3-7,DE,0
2020-3-8,DE,0
2020-3-9,DE,0
2020-3-10,DE,0
2020-3-11,DE,0
2020-3-12,DE,0
2020-3-13,DE,0
2020-3-14,DE,0
2020-3-15,DE,0
2020-3-16,DE,0
2020-3-17,DE,0
2020-3-18,DE,0
2020-3-19,DE,0
2020-3-20,DE,0
2020-3-21,DE,0
2020-3-22,DE,0
2020-3-23,DE,0
2020-3-24,DE,0
2020-3-25,DE,0
2020-3-26,DE,1
2020-3-27,DE,1
2020-3-28,DE,3
2020-3-29,DE,1
2020-3-30,DE,1
2020-3-31,DE,3
2020-4-1,DE,1
2020-4-2,DE,1
2020-4-3,DE,2
2020-4-4,DE,0
2020-4-5,DE,0
2020-4-6,DE,1
2020-4-7,DE,1
2020-4-8,DE,3
2020-4-9,DE,4
2020-4-10,DE,9
2020-4-11,DE,1
2020-4-12,DE,2
2020-4-13,DE,6
2020-4-14,DE,2
2020-4-15,DE,3
2020-4-16,DE,6
2020-4-17,DE,9
2020-4-18,DE,6
2020-4-19,DE,0
2020-4-20,DE,5
2020-4-21,DE,10
2020-4-22,DE,7
2020-4-23,DE,3
2020-4-24,DE,8
2020-4-25,DE,12
2020-4-26,DE,8
2020-4-27,DE,5
2020-4-28,DE,12
2020-4-29,DE,7
2020-4-30,DE,8
2020-5-1,DE,7
2020-5-2,DE,9
2020-5-3,DE,9
2020-5-4,DE,5
2020-5-5,DE,5
2020-5-6,DE,6
2020-5-7,DE,9
2020-5-8,DE,11
2020-5-9,DE,8
2020-5-10,DE,3
2020-1-25,NY,0
2020-1-26,NY,0
2020-1-27,NY,0
2020-1-28,NY,0
2020-1-29,NY,0
2020-1-30,NY,0
2020-1-31,NY,0
2020-2-1,NY,0
2020-2-2,NY,0
2020-2-3,NY,0
2020-2-4,NY,0
2020-2-5,NY,0
2020-2-6,NY,0
2020-2-7,NY,0
2020-2-8,NY,0
2020-2-9,NY,0
2020-2-10,NY,0
2020-2-11,NY,0
2020-2-12,NY,0
2020-2-13,NY,0
2020-2-14,NY,0
2020-2-15,NY,0
2020-2-16,NY,0
2020-2-17,NY,0
2020-2-18,NY,0
2020-2-19,NY,0
2020-2-20,NY,0
2020-2-21,NY,0
2020-2-22,NY,0
2020-2-23,NY,0
2020-2-24,NY,0
2020-2-25,NY,0
2020-2-26,NY,0
2020-2-27,NY,0
2020-2-28,NY,0
2020-2-29,NY,0
2020-3-1,NY,0
2020-3-2,NY,0
2020-3-3,NY,0
2020-3-4,NY,0
2020-3-5,NY,0
2020-3-6,NY,0
2020-3-7,NY,0
2020-3-8,NY,0
2020-3-9,NY,0
2020-3-10,NY,0
2020-3-11,NY,0
2020-3-12,NY,0
2020-3-13,NY,0
2020-3-14,NY,2
2020-3-15,NY,4
2020-3-16,NY,4
2020-3-17,NY,8
2020-3-18,NY,14
2020-3-19,NY,7
2020-3-20,NY,29
2020-3-21,NY,27
2020-3-22,NY,47
2020-3-23,NY,41
2020-3-24,NY,73
2020-3-25,NY,119
2020-3-26,NY,127
2020-3-27,NY,143
2020-3-28,NY,290
2020-3-29,NY,245
2020-3-30,NY,332
2020-3-31,NY,417
2020-4-1,NY,486
2020-4-2,NY,548
2020-4-3,NY,753
2020-4-4,NY,819
2020-4-5,NY,800
2020-4-6,NY,795
2020-4-7,NY,1055
2020-4-8,NY,953
2020-4-9,NY,1028
2020-4-10,NY,996
2020-4-11,NY,997
2020-4-12,NY,957
2020-4-13,NY,882
2020-4-14,NY,1003
2020-4-15,NY,936
2020-4-16,NY,732
2020-4-17,NY,804
2020-4-18,NY,668
2020-4-19,NY,652
2020-4-20,NY,619
2020-4-21,NY,628
2020-4-22,NY,607
2020-4-23,NY,565
2020-4-24,NY,547
2020-4-25,NY,567
2020-4-26,NY,478
2020-4-27,NY,463
2020-4-28,NY,510
2020-4-29,NY,510
2020-4-30,NY,329
2020-5-1,NY,225
2020-5-2,NY,194
2020-5-3,NY,541
2020-5-4,NY,212
2020-5-5,NY,240
2020-5-6,NY,928
2020-5-7,NY,250
2020-5-8,NY,152
2020-5-9,NY,226
2020-5-10,NY,214
2020-1-25,FL,0
2020-1-26,FL,0
2020-1-27,FL,0
2020-1-28,FL,0
2020-1-29,FL,0
2020-1-30,FL,0
2020-1-31,FL,0
2020-2-1,FL,0
2020-2-2,FL,0
2020-2-3,FL,0
2020-2-4,FL,0
2020-2-5,FL,0
2020-2-6,FL,0
2020-2-7,FL,0
2020-2-8,FL,0
2020-2-9,FL,0
2020-2-10,FL,0
2020-2-11,FL,0
2020-2-12,FL,0
2020-2-13,FL,0
2020-2-14,FL,0
2020-2-15,FL,0
2020-2-16,FL,0
2020-2-17,FL,0
2020-2-18,FL,0
2020-2-19,FL,0
2020-2-20,FL,0
2020-2-21,FL,0
2020-2-22,FL,0
2020-2-23,FL,0
2020-2-24,FL,0
2020-2-25,FL,0
2020-2-26,FL,0
2020-2-27,FL,0
2020-2-28,FL,0
2020-2-29,FL,0
2020-3-1,FL,0
2020-3-2,FL,0
2020-3-3,FL,0
2020-3-4,FL,0
2020-3-5,FL,0
2020-3-6,FL,2
2020-3-7,FL,0
2020-3-8,FL,0
2020-3-9,FL,0
2020-3-10,FL,0
2020-3-11,FL,0
2020-3-12,FL,0
2020-3-13,FL,0
2020-3-14,FL,1
2020-3-15,FL,0
2020-3-16,FL,1
2020-3-17,FL,2
2020-3-18,FL,1
2020-3-19,FL,1
2020-3-20,FL,1
2020-3-21,FL,2
2020-3-22,FL,2
2020-3-23,FL,5
2020-3-24,FL,1
2020-3-25,FL,4
2020-3-26,FL,6
2020-3-27,FL,17
2020-3-28,FL,10
2020-3-29,FL,3
2020-3-30,FL,12
2020-3-31,FL,14
2020-4-1,FL,15
2020-4-2,FL,44
2020-4-3,FL,25
2020-4-4,FL,25
2020-4-5,FL,26
2020-4-6,FL,33
2020-4-7,FL,42
2020-4-8,FL,27
2020-4-9,FL,48
2020-4-10,FL,48
2020-4-11,FL,27
2020-4-12,FL,15
2020-4-13,FL,38
2020-4-14,FL,72
2020-4-15,FL,43
2020-4-16,FL,54
2020-4-17,FL,58
2020-4-18,FL,22
2020-4-19,FL,26
2020-4-20,FL,49
2020-4-21,FL,44
2020-4-22,FL,60
2020-4-23,FL,60
2020-4-24,FL,59
2020-4-25,FL,9
2020-4-26,FL,19
2020-4-27,FL,14
2020-4-28,FL,83
2020-4-29,FL,46
2020-4-30,FL,51
2020-5-1,FL,46
2020-5-2,FL,50
2020-5-3,FL,15
2020-5-4,FL,20
2020-5-5,FL,72
2020-5-6,FL,68
2020-5-7,FL,61
2020-5-8,FL,69
2020-5-9,FL,46
2020-5-10,FL,6
2020-1-25,CA,0
2020-1-26,CA,0
2020-1-27,CA,0
2020-1-28,CA,0
2020-1-29,CA,0
2020-1-30,CA,0
2020-1-31,CA,0
2020-2-1,CA,0
2020-2-2,CA,0
2020-2-3,CA,0
2020-2-4,CA,0
2020-2-5,CA,0
2020-2-6,CA,0
2020-2-7,CA,0
2020-2-8,CA,0
2020-2-9,CA,0
2020-2-10,CA,0
2020-2-11,CA,0
2020-2-12,CA,0
2020-2-13,CA,0
2020-2-14,CA,0
2020-2-15,CA,0
2020-2-16,CA,0
2020-2-17,CA,0
2020-2-18,CA,0
2020-2-19,CA,0
2020-2-20,CA,0
2020-2-21,CA,0
2020-2-22,CA,0
2020-2-23,CA,0
2020-2-24,CA,0
2020-2-25,CA,0
2020-2-26,CA,0
2020-2-27,CA,0
2020-2-28,CA,0
2020-2-29,CA,0
2020-3-1,CA,0
2020-3-2,CA,0
2020-3-3,CA,0
2020-3-4,CA,1
2020-3-5,CA,0
2020-3-6,CA,0
2020-3-7,CA,0
2020-3-8,CA,0
2020-3-9,CA,1
2020-3-10,CA,1
2020-3-11,CA,1
2020-3-12,CA,0
2020-3-13,CA,1
2020-3-14,CA,0
2020-3-15,CA,1
2020-3-16,CA,5
2020-3-17,CA,3
2020-3-18,CA,3
2020-3-19,CA,2
2020-3-20,CA,5
2020-3-21,CA,4
2020-3-22,CA,7
2020-3-23,CA,4
2020-3-24,CA,13
2020-3-25,CA,15
2020-3-26,CA,15
2020-3-27,CA,20
2020-3-28,CA,19
2020-3-29,CA,9
2020-3-30,CA,16
2020-3-31,CA,37
2020-4-1,CA,29
2020-4-2,CA,35
2020-4-3,CA,35
2020-4-4,CA,41
2020-4-5,CA,26
2020-4-6,CA,37
2020-4-7,CA,61
2020-4-8,CA,59
2020-4-9,CA,42
2020-4-10,CA,46
2020-4-11,CA,38
2020-4-12,CA,44
2020-4-13,CA,49
2020-4-14,CA,53
2020-4-15,CA,107
2020-4-16,CA,86
2020-4-17,CA,79
2020-4-18,CA,96
2020-4-19,CA,30
2020-4-20,CA,47
2020-4-21,CA,93
2020-4-22,CA,109
2020-4-23,CA,123
2020-4-24,CA,71
2020-4-25,CA,73
2020-4-26,CA,24
2020-4-27,CA,84
2020-4-28,CA,84
2020-4-29,CA,77
2020-4-30,CA,96
2020-5-1,CA,90
2020-5-2,CA,66
2020-5-3,CA,22
2020-5-4,CA,62
2020-5-5,CA,89
2020-5-6,CA,92
2020-5-7,CA,83
2020-5-8,CA,89
2020-5-9,CA,82
2020-5-10,CA,37
2020-1-25,GA,0
2020-1-26,GA,0
2020-1-27,GA,0
2020-1-28,GA,0
2020-1-29,GA,0
2020-1-30,GA,0
2020-1-31,GA,0
2020-2-1,GA,0
2020-2-2,GA,0
2020-2-3,GA,0
2020-2-4,GA,0
2020-2-5,GA,0
2020-2-6,GA,0
2020-2-7,GA,0
2020-2-8,GA,0
2020-2-9,GA,0
2020-2-10,GA,0
2020-2-11,GA,0
2020-2-12,GA,0
2020-2-13,GA,0
2020-2-14,GA,0
2020-2-15,GA,0
2020-2-16,GA,0
2020-2-17,GA,0
2020-2-18,GA,0
2020-2-19,GA,0
2020-2-20,GA,0
2020-2-21,GA,0
2020-2-22,GA,0
2020-2-23,GA,0
2020-2-24,GA,0
2020-2-25,GA,0
2020-2-26,GA,0
2020-2-27,GA,0
2020-2-28,GA,0
2020-2-29,GA,0
2020-3-1,GA,0
2020-3-2,GA,0
2020-3-3,GA,0
2020-3-4,GA,0
2020-3-5,GA,0
2020-3-6,GA,0
2020-3-7,GA,0
2020-3-8,GA,0
2020-3-9,GA,0
2020-3-10,GA,0
2020-3-11,GA,0
2020-3-12,GA,1
2020-3-13,GA,0
2020-3-14,GA,0
2020-3-15,GA,0
2020-3-16,GA,0
2020-3-17,GA,0
2020-3-18,GA,2
2020-3-19,GA,7
2020-3-20,GA,4
2020-3-21,GA,6
2020-3-22,GA,5
2020-3-23,GA,0
2020-3-24,GA,13
2020-3-25,GA,9
2020-3-26,GA,9
2020-3-27,GA,8
2020-3-28,GA,15
2020-3-29,GA,4
2020-3-30,GA,19
2020-3-31,GA,23
2020-4-1,GA,29
2020-4-2,GA,22
2020-4-3,GA,22
2020-4-4,GA,10
2020-4-5,GA,11
2020-4-6,GA,75
2020-4-7,GA,54
2020-4-8,GA,22
2020-4-9,GA,42
2020-4-10,GA,13
2020-4-11,GA,7
2020-4-12,GA,6
2020-4-13,GA,41
2020-4-14,GA,38
2020-4-15,GA,52
2020-4-16,GA,42
2020-4-17,GA,50
2020-4-18,GA,9
2020-4-19,GA,12
2020-4-20,GA,85
2020-4-21,GA,43
2020-4-22,GA,27
2020-4-23,GA,34
2020-4-24,GA,18
2020-4-25,GA,8
2020-4-26,GA,10
2020-4-27,GA,74
2020-4-28,GA,41
2020-4-29,GA,64
2020-4-30,GA,35
2020-5-1,GA,32
2020-5-2,GA,8
2020-5-3,GA,7
2020-5-4,GA,60
2020-5-5,GA,49
2020-5-6,GA,32
2020-5-7,GA,24
2020-5-8,GA,45
2020-5-9,GA,2
2020-5-10,GA,3
2020-1-25,CT,0
2020-1-26,CT,0
2020-1-27,CT,0
2020-1-28,CT,0
2020-1-29,CT,0
2020-1-30,CT,0
2020-1-31,CT,0
2020-2-1,CT,0
2020-2-2,CT,0
2020-2-3,CT,0
2020-2-4,CT,0
2020-2-5,CT,0
2020-2-6,CT,0
2020-2-7,CT,0
2020-2-8,CT,0
2020-2-9,CT,0
2020-2-10,CT,0
2020-2-11,CT,0
2020-2-12,CT,0
2020-2-13,CT,0
2020-2-14,CT,0
2020-2-15,CT,0
2020-2-16,CT,0
2020-2-17,CT,0
2020-2-18,CT,0
2020-2-19,CT,0
2020-2-20,CT,0
2020-2-21,CT,0
2020-2-22,CT,0
2020-2-23,CT,0
2020-2-24,CT,0
2020-2-25,CT,0
2020-2-26,CT,0
2020-2-27,CT,0
2020-2-28,CT,0
2020-2-29,CT,0
2020-3-1,CT,0
2020-3-2,CT,0
2020-3-3,CT,0
2020-3-4,CT,0
2020-3-5,CT,0
2020-3-6,CT,0
2020-3-7,CT,0
2020-3-8,CT,0
2020-3-9,CT,0
2020-3-10,CT,0
2020-3-11,CT,0
2020-3-12,CT,0
2020-3-13,CT,0
2020-3-14,CT,0
2020-3-15,CT,0
2020-3-16,CT,0
2020-3-17,CT,0
2020-3-18,CT,1
2020-3-19,CT,3
2020-3-20,CT,0
2020-3-21,CT,1
2020-3-22,CT,3
2020-3-23,CT,2
2020-3-24,CT,2
2020-3-25,CT,7
2020-3-26,CT,2
2020-3-27,CT,6
2020-3-28,CT,6
2020-3-29,CT,1
2020-3-30,CT,2
2020-3-31,CT,33
2020-4-1,CT,16
2020-4-2,CT,27
2020-4-3,CT,20
2020-4-4,CT,33
2020-4-5,CT,24
2020-4-6,CT,17
2020-4-7,CT,71
2020-4-8,CT,58
2020-4-9,CT,45
2020-4-10,CT,68
2020-4-11,CT,46
2020-4-12,CT,60
2020-4-13,CT,48
2020-4-14,CT,69
2020-4-15,CT,197
2020-4-16,CT,103
2020-4-17,CT,65
2020-4-18,CT,50
2020-4-19,CT,41
2020-4-20,CT,204
2020-4-21,CT,92
2020-4-22,CT,121
2020-4-23,CT,95
2020-4-24,CT,125
2020-4-25,CT,98
2020-4-26,CT,63
2020-4-27,CT,87
2020-4-28,CT,77
2020-4-29,CT,79
2020-4-30,CT,89
2020-5-1,CT,82
2020-5-2,CT,97
2020-5-3,CT,0
2020-5-4,CT,120
2020-5-5,CT,77
2020-5-6,CT,85
2020-5-7,CT,79
2020-5-8,CT,77
2020-5-9,CT,58
2020-5-10,CT,35
2020-1-25,NM,0
2020-1-26,NM,0
2020-1-27,NM,0
2020-1-28,NM,0
2020-1-29,NM,0
2020-1-30,NM,0
2020-1-31,NM,0
2020-2-1,NM,0
2020-2-2,NM,0
2020-2-3,NM,0
2020-2-4,NM,0
2020-2-5,NM,0
2020-2-6,NM,0
2020-2-7,NM,0
2020-2-8,NM,0
2020-2-9,NM,0
2020-2-10,NM,0
2020-2-11,NM,0
2020-2-12,NM,0
2020-2-13,NM,0
2020-2-14,NM,0
2020-2-15,NM,0
2020-2-16,NM,0
2020-2-17,NM,0
2020-2-18,NM,0
2020-2-19,NM,0
2020-2-20,NM,0
2020-2-21,NM,0
2020-2-22,NM,0
2020-2-23,NM,0
2020-2-24,NM,0
2020-2-25,NM,0
2020-2-26,NM,0
2020-2-27,NM,0
2020-2-28,NM,0
2020-2-29,NM,0
2020-3-1,NM,0
2020-3-2,NM,0
2020-3-3,NM,0
2020-3-4,NM,0
2020-3-5,NM,0
2020-3-6,NM,0
2020-3-7,NM,0
2020-3-8,NM,0
2020-3-9,NM,0
2020-3-10,NM,0
2020-3-11,NM,0
2020-3-12,NM,0
2020-3-13,NM,0
2020-3-14,NM,0
2020-3-15,NM,0
2020-3-16,NM,0
2020-3-17,NM,0
2020-3-18,NM,0
2020-3-19,NM,0
2020-3-20,NM,0
2020-3-21,NM,0
2020-3-22,NM,0
2020-3-23,NM,0
2020-3-24,NM,0
2020-3-25,NM,1
2020-3-26,NM,0
2020-3-27,NM,0
2020-3-28,NM,1
2020-3-29,NM,0
2020-3-30,NM,2
2020-3-31,NM,1
2020-4-1,NM,1
2020-4-2,NM,1
2020-4-3,NM,3
2020-4-4,NM,1
2020-4-5,NM,1
2020-4-6,NM,0
2020-4-7,NM,1
2020-4-8,NM,3
2020-4-9,NM,1
2020-4-10,NM,2
2020-4-11,NM,1
2020-4-12,NM,6
2020-4-13,NM,5
2020-4-14,NM,5
2020-4-15,NM,0
2020-4-16,NM,8
2020-4-17,NM,7
2020-4-18,NM,2
2020-4-19,NM,2
2020-4-20,NM,3
2020-4-21,NM,7
2020-4-22,NM,6
2020-4-23,NM,7
2020-4-24,NM,6
2020-4-25,NM,9
2020-4-26,NM,6
2020-4-27,NM,5
2020-4-28,NM,6
2020-4-29,NM,2
2020-4-30,NM,11
2020-5-1,NM,8
2020-5-2,NM,8
2020-5-3,NM,12
2020-5-4,NM,5
2020-5-5,NM,6
2020-5-6,NM,7
2020-5-7,NM,3
2020-5-8,NM,9
2020-5-9,NM,10
2020-5-10,NM,9
2020-1-25,AR,0
2020-1-26,AR,0
2020-1-27,AR,0
2020-1-28,AR,0
2020-1-29,AR,0
2020-1-30,AR,0
2020-1-31,AR,0
2020-2-1,AR,0
2020-2-2,AR,0
2020-2-3,AR,0
2020-2-4,AR,0
2020-2-5,AR,0
2020-2-6,AR,0
2020-2-7,AR,0
2020-2-8,AR,0
2020-2-9,AR,0
2020-2-10,AR,0
2020-2-11,AR,0
2020-2-12,AR,0
2020-2-13,AR,0
2020-2-14,AR,0
2020-2-15,AR,0
2020-2-16,AR,0
2020-2-17,AR,0
2020-2-18,AR,0
2020-2-19,AR,0
2020-2-20,AR,0
2020-2-21,AR,0
2020-2-22,AR,0
2020-2-23,AR,0
2020-2-24,AR,0
2020-2-25,AR,0
2020-2-26,AR,0
2020-2-27,AR,0
2020-2-28,AR,0
2020-2-29,AR,0
2020-3-1,AR,0
2020-3-2,AR,0
2020-3-3,AR,0
2020-3-4,AR,0
2020-3-5,AR,0
2020-3-6,AR,0
2020-3-7,AR,0
2020-3-8,AR,0
2020-3-9,AR,0
2020-3-10,AR,0
2020-3-11,AR,0
2020-3-12,AR,0
2020-3-13,AR,0
2020-3-14,AR,0
2020-3-15,AR,0
2020-3-16,AR,0
2020-3-17,AR,0
2020-3-18,AR,0
2020-3-19,AR,0
2020-3-20,AR,0
2020-3-21,AR,0
2020-3-22,AR,0
2020-3-23,AR,0
2020-3-24,AR,2
2020-3-25,AR,0
2020-3-26,AR,1
2020-3-27,AR,0
2020-3-28,AR,2
2020-3-29,AR,1
2020-3-30,AR,1
2020-3-31,AR,1
2020-4-1,AR,2
2020-4-2,AR,2
2020-4-3,AR,0
2020-4-4,AR,2
2020-4-5,AR,2
2020-4-6,AR,0
2020-4-7,AR,2
2020-4-8,AR,0
2020-4-9,AR,3
2020-4-10,AR,3
2020-4-11,AR,1
2020-4-12,AR,2
2020-4-13,AR,3
2020-4-14,AR,2
2020-4-15,AR,2
2020-4-16,AR,3
2020-4-17,AR,0
2020-4-18,AR,1
2020-4-19,AR,1
2020-4-20,AR,3
2020-4-21,AR,1
2020-4-22,AR,1
2020-4-23,AR,1
2020-4-24,AR,2
2020-4-25,AR,1
2020-4-26,AR,2
2020-4-27,AR,1
2020-4-28,AR,6
2020-4-29,AR,2
2020-4-30,AR,2
2020-5-1,AR,3
2020-5-2,AR,8
2020-5-3,AR,4
2020-5-4,AR,4
2020-5-5,AR,3
2020-5-6,AR,4
2020-5-7,AR,1
2020-5-8,AR,0
2020-5-9,AR,0
2020-5-10,AR,3
2020-1-25,MT,0
2020-1-26,MT,0
2020-1-27,MT,0
2020-1-28,MT,0
2020-1-29,MT,0
2020-1-30,MT,0
2020-1-31,MT,0
2020-2-1,MT,0
2020-2-2,MT,0
2020-2-3,MT,0
2020-2-4,MT,0
2020-2-5,MT,0
2020-2-6,MT,0
2020-2-7,MT,0
2020-2-8,MT,0
2020-2-9,MT,0
2020-2-10,MT,0
2020-2-11,MT,0
2020-2-12,MT,0
2020-2-13,MT,0
2020-2-14,MT,0
2020-2-15,MT,0
2020-2-16,MT,0
2020-2-17,MT,0
2020-2-18,MT,0
2020-2-19,MT,0
2020-2-20,MT,0
2020-2-21,MT,0
2020-2-22,MT,0
2020-2-23,MT,0
2020-2-24,MT,0
2020-2-25,MT,0
2020-2-26,MT,0
2020-2-27,MT,0
2020-2-28,MT,0
2020-2-29,MT,0
2020-3-1,MT,0
2020-3-2,MT,0
2020-3-3,MT,0
2020-3-4,MT,0
2020-3-5,MT,0
2020-3-6,MT,0
2020-3-7,MT,0
2020-3-8,MT,0
2020-3-9,MT,0
2020-3-10,MT,0
2020-3-11,MT,0
2020-3-12,MT,0
2020-3-13,MT,0
2020-3-14,MT,0
2020-3-15,MT,0
2020-3-16,MT,0
2020-3-17,MT,0
2020-3-18,MT,0
2020-3-19,MT,0
2020-3-20,MT,0
2020-3-21,MT,0
2020-3-22,MT,0
2020-3-23,MT,0
2020-3-24,MT,0
2020-3-25,MT,0
2020-3-26,MT,0
2020-3-27,MT,1
2020-3-28,MT,0
2020-3-29,MT,0
2020-3-30,MT,3
2020-3-31,MT,1
2020-4-1,MT,0
2020-4-2,MT,0
2020-4-3,MT,0
2020-4-4,MT,1
2020-4-5,MT,0
2020-4-6,MT,0
2020-4-7,MT,0
2020-4-8,MT,0
2020-4-9,MT,0
2020-4-10,MT,0
2020-4-11,MT,0
2020-4-12,MT,0
2020-4-13,MT,1
2020-4-14,MT,0
2020-4-15,MT,0
2020-4-16,MT,0
2020-4-17,MT,1
2020-4-18,MT,2
2020-4-19,MT,0
2020-4-20,MT,2
2020-4-21,MT,0
2020-4-22,MT,2
2020-4-23,MT,0
2020-4-24,MT,0
2020-4-25,MT,0
2020-4-26,MT,0
2020-4-27,MT,0
2020-4-28,MT,1
2020-4-29,MT,1
2020-4-30,MT,0
2020-5-1,MT,0
2020-5-2,MT,0
2020-5-3,MT,0
2020-5-4,MT,0
2020-5-5,MT,0
2020-5-6,MT,0
2020-5-7,MT,0
2020-5-8,MT,0
2020-5-9,MT,0
2020-5-10,MT,0
2020-1-25,WV,0
2020-1-26,WV,0
2020-1-27,WV,0
2020-1-28,WV,0
2020-1-29,WV,0
2020-1-30,WV,0
2020-1-31,WV,0
2020-2-1,WV,0
2020-2-2,WV,0
2020-2-3,WV,0
2020-2-4,WV,0
2020-2-5,WV,0
2020-2-6,WV,0
2020-2-7,WV,0
2020-2-8,WV,0
2020-2-9,WV,0
2020-2-10,WV,0
2020-2-11,WV,0
2020-2-12,WV,0
2020-2-13,WV,0
2020-2-14,WV,0
2020-2-15,WV,0
2020-2-16,WV,0
2020-2-17,WV,0
2020-2-18,WV,0
2020-2-19,WV,0
2020-2-20,WV,0
2020-2-21,WV,0
2020-2-22,WV,0
2020-2-23,WV,0
2020-2-24,WV,0
2020-2-25,WV,0
2020-2-26,WV,0
2020-2-27,WV,0
2020-2-28,WV,0
2020-2-29,WV,0
2020-3-1,WV,0
2020-3-2,WV,0
2020-3-3,WV,0
2020-3-4,WV,0
2020-3-5,WV,0
2020-3-6,WV,0
2020-3-7,WV,0
2020-3-8,WV,0
2020-3-9,WV,0
2020-3-10,WV,0
2020-3-11,WV,0
2020-3-12,WV,0
2020-3-13,WV,0
2020-3-14,WV,0
2020-3-15,WV,0
2020-3-16,WV,0
2020-3-17,WV,0
2020-3-18,WV,0
2020-3-19,WV,0
2020-3-20,WV,0
2020-3-21,WV,0
2020-3-22,WV,0
2020-3-23,WV,0
2020-3-24,WV,0
2020-3-25,WV,0
2020-3-26,WV,0
2020-3-27,WV,0
2020-3-28,WV,0
2020-3-29,WV,1
2020-3-30,WV,0
2020-3-31,WV,0
2020-4-1,WV,1
2020-4-2,WV,0
2020-4-3,WV,0
2020-4-4,WV,0
2020-4-5,WV,1
2020-4-6,WV,1
2020-4-7,WV,0
2020-4-8,WV,0
2020-4-9,WV,1
2020-4-10,WV,0
2020-4-11,WV,1
2020-4-12,WV,2
2020-4-13,WV,1
2020-4-14,WV,1
2020-4-15,WV,2
2020-4-16,WV,1
2020-4-17,WV,3
2020-4-18,WV,2
2020-4-19,WV,2
2020-4-20,WV,6
2020-4-21,WV,0
2020-4-22,WV,3
2020-4-23,WV,2
2020-4-24,WV,1
2020-4-25,WV,1
2020-4-26,WV,1
2020-4-27,WV,3
2020-4-28,WV,1
2020-4-29,WV,2
2020-4-30,WV,4
2020-5-1,WV,3
2020-5-2,WV,3
2020-5-3,WV,0
2020-5-4,WV,0
2020-5-5,WV,0
2020-5-6,WV,1
2020-5-7,WV,0
2020-5-8,WV,1
2020-5-9,WV,1
2020-5-10,WV,1
2020-1-25,UT,0
2020-1-26,UT,0
2020-1-27,UT,0
2020-1-28,UT,0
2020-1-29,UT,0
2020-1-30,UT,0
2020-1-31,UT,0
2020-2-1,UT,0
2020-2-2,UT,0
2020-2-3,UT,0
2020-2-4,UT,0
2020-2-5,UT,0
2020-2-6,UT,0
2020-2-7,UT,0
2020-2-8,UT,0
2020-2-9,UT,0
2020-2-10,UT,0
2020-2-11,UT,0
2020-2-12,UT,0
2020-2-13,UT,0
2020-2-14,UT,0
2020-2-15,UT,0
2020-2-16,UT,0
2020-2-17,UT,0
2020-2-18,UT,0
2020-2-19,UT,0
2020-2-20,UT,0
2020-2-21,UT,0
2020-2-22,UT,0
2020-2-23,UT,0
2020-2-24,UT,0
2020-2-25,UT,0
2020-2-26,UT,0
2020-2-27,UT,0
2020-2-28,UT,0
2020-2-29,UT,0
2020-3-1,UT,0
2020-3-2,UT,0
2020-3-3,UT,0
2020-3-4,UT,0
2020-3-5,UT,0
2020-3-6,UT,0
2020-3-7,UT,0
2020-3-8,UT,0
2020-3-9,UT,0
2020-3-10,UT,0
2020-3-11,UT,0
2020-3-12,UT,0
2020-3-13,UT,0
2020-3-14,UT,0
2020-3-15,UT,0
2020-3-16,UT,0
2020-3-17,UT,0
2020-3-18,UT,0
2020-3-19,UT,0
2020-3-20,UT,0
2020-3-21,UT,0
2020-3-22,UT,1
2020-3-23,UT,0
2020-3-24,UT,0
2020-3-25,UT,0
2020-3-26,UT,0
2020-3-27,UT,1
2020-3-28,UT,0
2020-3-29,UT,0
2020-3-30,UT,2
2020-3-31,UT,1
2020-4-1,UT,2
2020-4-2,UT,0
2020-4-3,UT,0
2020-4-4,UT,1
2020-4-5,UT,0
2020-4-6,UT,5
2020-4-7,UT,0
2020-4-8,UT,0
2020-4-9,UT,0
2020-4-10,UT,4
2020-4-11,UT,1
2020-4-12,UT,0
2020-4-13,UT,0
2020-4-14,UT,1
2020-4-15,UT,1
2020-4-16,UT,1
2020-4-17,UT,2
2020-4-18,UT,2
2020-4-19,UT,2
2020-4-20,UT,1
2020-4-21,UT,4
2020-4-22,UT,2
2020-4-23,UT,1
2020-4-24,UT,4
2020-4-25,UT,2
2020-4-26,UT,0
2020-4-27,UT,0
2020-4-28,UT,4
2020-4-29,UT,0
2020-4-30,UT,1
2020-5-1,UT,0
2020-5-2,UT,3
2020-5-3,UT,1
2020-5-4,UT,0
2020-5-5,UT,6
2020-5-6,UT,3
2020-5-7,UT,2
2020-5-8,UT,0
2020-5-9,UT,5
2020-5-10,UT,1
2020-1-25,IA,0
2020-1-26,IA,0
2020-1-27,IA,0
2020-1-28,IA,0
2020-1-29,IA,0
2020-1-30,IA,0
2020-1-31,IA,0
2020-2-1,IA,0
2020-2-2,IA,0
2020-2-3,IA,0
2020-2-4,IA,0
2020-2-5,IA,0
2020-2-6,IA,0
2020-2-7,IA,0
2020-2-8,IA,0
2020-2-9,IA,0
2020-2-10,IA,0
2020-2-11,IA,0
2020-2-12,IA,0
2020-2-13,IA,0
2020-2-14,IA,0
2020-2-15,IA,0
2020-2-16,IA,0
2020-2-17,IA,0
2020-2-18,IA,0
2020-2-19,IA,0
2020-2-20,IA,0
2020-2-21,IA,0
2020-2-22,IA,0
2020-2-23,IA,0
2020-2-24,IA,0
2020-2-25,IA,0
2020-2-26,IA,0
2020-2-27,IA,0
2020-2-28,IA,0
2020-2-29,IA,0
2020-3-1,IA,0
2020-3-2,IA,0
2020-3-3,IA,0
2020-3-4,IA,0
2020-3-5,IA,0
2020-3-6,IA,0
2020-3-7,IA,0
2020-3-8,IA,0
2020-3-9,IA,0
2020-3-10,IA,0
2020-3-11,IA,0
2020-3-12,IA,0
2020-3-13,IA,0
2020-3-14,IA,0
2020-3-15,IA,0
2020-3-16,IA,0
2020-3-17,IA,0
2020-3-18,IA,0
2020-3-19,IA,0
2020-3-20,IA,0
2020-3-21,IA,0
2020-3-22,IA,0
2020-3-23,IA,0
2020-3-24,IA,1
2020-3-25,IA,0
2020-3-26,IA,0
2020-3-27,IA,2
2020-3-28,IA,0
2020-3-29,IA,1
2020-3-30,IA,2
2020-3-31,IA,1
2020-4-1,IA,2
2020-4-2,IA,2
2020-4-3,IA,0
2020-4-4,IA,0
2020-4-5,IA,11
2020-4-6,IA,3
2020-4-7,IA,1
2020-4-8,IA,1
2020-4-9,IA,0
2020-4-10,IA,4
2020-4-11,IA,3
2020-4-12,IA,7
2020-4-13,IA,3
2020-4-14,IA,0
2020-4-15,IA,9
2020-4-16,IA,7
2020-4-17,IA,4
2020-4-18,IA,10
2020-4-19,IA,1
2020-4-20,IA,4
2020-4-21,IA,4
2020-4-22,IA,7
2020-4-23,IA,6
2020-4-24,IA,11
2020-4-25,IA,5
2020-4-26,IA,6
2020-4-27,IA,9
2020-4-28,IA,9
2020-4-29,IA,12
2020-4-30,IA,14
2020-5-1,IA,8
2020-5-2,IA,5
2020-5-3,IA,9
2020-5-4,IA,4
2020-5-5,IA,19
2020-5-6,IA,12
2020-5-7,IA,12
2020-5-8,IA,12
2020-5-9,IA,9
2020-5-10,IA,13
2020-1-25,MO,0
2020-1-26,MO,0
2020-1-27,MO,0
2020-1-28,MO,0
2020-1-29,MO,0
2020-1-30,MO,0
2020-1-31,MO,0
2020-2-1,MO,0
2020-2-2,MO,0
2020-2-3,MO,0
2020-2-4,MO,0
2020-2-5,MO,0
2020-2-6,MO,0
2020-2-7,MO,0
2020-2-8,MO,0
2020-2-9,MO,0
2020-2-10,MO,0
2020-2-11,MO,0
2020-2-12,MO,0
2020-2-13,MO,0
2020-2-14,MO,0
2020-2-15,MO,0
2020-2-16,MO,0
2020-2-17,MO,0
2020-2-18,MO,0
2020-2-19,MO,0
2020-2-20,MO,0
2020-2-21,MO,0
2020-2-22,MO,0
2020-2-23,MO,0
2020-2-24,MO,0
2020-2-25,MO,0
2020-2-26,MO,0
2020-2-27,MO,0
2020-2-28,MO,0
2020-2-29,MO,0
2020-3-1,MO,0
2020-3-2,MO,0
2020-3-3,MO,0
2020-3-4,MO,0
2020-3-5,MO,0
2020-3-6,MO,0
2020-3-7,MO,0
2020-3-8,MO,0
2020-3-9,MO,0
2020-3-10,MO,0
2020-3-11,MO,0
2020-3-12,MO,0
2020-3-13,MO,0
2020-3-14,MO,0
2020-3-15,MO,0
2020-3-16,MO,0
2020-3-17,MO,0
2020-3-18,MO,1
2020-3-19,MO,0
2020-3-20,MO,2
2020-3-21,MO,0
2020-3-22,MO,0
2020-3-23,MO,1
2020-3-24,MO,1
2020-3-25,MO,3
2020-3-26,MO,0
2020-3-27,MO,1
2020-3-28,MO,1
2020-3-29,MO,2
2020-3-30,MO,1
2020-3-31,MO,2
2020-4-1,MO,3
2020-4-2,MO,6
2020-4-3,MO,7
2020-4-4,MO,13
2020-4-5,MO,8
2020-4-6,MO,4
2020-4-7,MO,23
2020-4-8,MO,7
2020-4-9,MO,8
2020-4-10,MO,11
2020-4-11,MO,11
2020-4-12,MO,0
2020-4-13,MO,20
2020-4-14,MO,15
2020-4-15,MO,13
2020-4-16,MO,6
2020-4-17,MO,14
2020-4-18,MO,10
2020-4-19,MO,2
2020-4-20,MO,5
2020-4-21,MO,20
2020-4-22,MO,15
2020-4-23,MO,12
2020-4-24,MO,19
2020-4-25,MO,13
2020-4-26,MO,2
2020-4-27,MO,14
2020-4-28,MO,28
2020-4-29,MO,7
2020-4-30,MO,10
2020-5-1,MO,14
2020-5-2,MO,18
2020-5-3,MO,5
2020-5-4,MO,9
2020-5-5,MO,21
2020-5-6,MO,21
2020-5-7,MO,20
2020-5-8,MO,32
2020-5-9,MO,11
2020-5-10,MO,10
2020-1-25,WA,0
2020-1-26,WA,0
2020-1-27,WA,0
2020-1-28,WA,0
2020-1-29,WA,0
2020-1-30,WA,0
2020-1-31,WA,0
2020-2-1,WA,0
2020-2-2,WA,0
2020-2-3,WA,0
2020-2-4,WA,0
2020-2-5,WA,0
2020-2-6,WA,0
2020-2-7,WA,0
2020-2-8,WA,0
2020-2-9,WA,0
2020-2-10,WA,0
2020-2-11,WA,0
2020-2-12,WA,0
2020-2-13,WA,0
2020-2-14,WA,0
2020-2-15,WA,0
2020-2-16,WA,0
2020-2-17,WA,0
2020-2-18,WA,0
2020-2-19,WA,0
2020-2-20,WA,0
2020-2-21,WA,0
2020-2-22,WA,0
2020-2-23,WA,0
2020-2-24,WA,0
2020-2-25,WA,0
2020-2-26,WA,0
2020-2-27,WA,0
2020-2-28,WA,0
2020-2-29,WA,1
2020-3-1,WA,2
2020-3-2,WA,3
2020-3-3,WA,4
2020-3-4,WA,1
2020-3-5,WA,0
2020-3-6,WA,1
2020-3-7,WA,4
2020-3-8,WA,3
2020-3-9,WA,3
2020-3-10,WA,2
2020-3-11,WA,5
2020-3-12,WA,3
2020-3-13,WA,5
2020-3-14,WA,3
2020-3-15,WA,2
2020-3-16,WA,6
2020-3-17,WA,6
2020-3-18,WA,14
2020-3-19,WA,7
2020-3-20,WA,8
2020-3-21,WA,12
2020-3-22,WA,2
2020-3-23,WA,13
2020-3-24,WA,13
2020-3-25,WA,7
2020-3-26,WA,21
2020-3-27,WA,26
2020-3-28,WA,14
2020-3-29,WA,16
2020-3-30,WA,14
2020-3-31,WA,5
2020-4-1,WA,23
2020-4-2,WA,23
2020-4-3,WA,21
2020-4-4,WA,25
2020-4-5,WA,26
2020-4-6,WA,39
2020-4-7,WA,26
2020-4-8,WA,21
2020-4-9,WA,26
2020-4-10,WA,27
2020-4-11,WA,15
2020-4-12,WA,13
2020-4-13,WA,14
2020-4-14,WA,27
2020-4-15,WA,20
2020-4-16,WA,16
2020-4-17,WA,22
2020-4-18,WA,19
2020-4-19,WA,8
2020-4-20,WA,24
2020-4-21,WA,22
2020-4-22,WA,13
2020-4-23,WA,21
2020-4-24,WA,14
2020-4-25,WA,12
2020-4-26,WA,14
2020-4-27,WA,14
2020-4-28,WA,21
2020-4-29,WA,13
2020-4-30,WA,17
2020-5-1,WA,7
2020-5-2,WA,4
2020-5-3,WA,7
2020-5-4,WA,6
2020-5-5,WA,17
2020-5-6,WA,18
2020-5-7,WA,22
2020-5-8,WA,12
2020-5-9,WA,10
2020-5-10,WA,14
2020-1-25,LA,0
2020-1-26,LA,0
2020-1-27,LA,0
2020-1-28,LA,0
2020-1-29,LA,0
2020-1-30,LA,0
2020-1-31,LA,0
2020-2-1,LA,0
2020-2-2,LA,0
2020-2-3,LA,0
2020-2-4,LA,0
2020-2-5,LA,0
2020-2-6,LA,0
2020-2-7,LA,0
2020-2-8,LA,0
2020-2-9,LA,0
2020-2-10,LA,0
2020-2-11,LA,0
2020-2-12,LA,0
2020-2-13,LA,0
2020-2-14,LA,0
2020-2-15,LA,0
2020-2-16,LA,0
2020-2-17,LA,0
2020-2-18,LA,0
2020-2-19,LA,0
2020-2-20,LA,0
2020-2-21,LA,0
2020-2-22,LA,0
2020-2-23,LA,0
2020-2-24,LA,0
2020-2-25,LA,0
2020-2-26,LA,0
2020-2-27,LA,0
2020-2-28,LA,0
2020-2-29,LA,0
2020-3-1,LA,0
2020-3-2,LA,0
2020-3-3,LA,0
2020-3-4,LA,0
2020-3-5,LA,0
2020-3-6,LA,0
2020-3-7,LA,0
2020-3-8,LA,0
2020-3-9,LA,0
2020-3-10,LA,0
2020-3-11,LA,0
2020-3-12,LA,0
2020-3-13,LA,0
2020-3-14,LA,1
2020-3-15,LA,1
2020-3-16,LA,1
2020-3-17,LA,2
2020-3-18,LA,2
2020-3-19,LA,3
2020-3-20,LA,0
2020-3-21,LA,6
2020-3-22,LA,4
2020-3-23,LA,14
2020-3-24,LA,12
2020-3-25,LA,19
2020-3-26,LA,18
2020-3-27,LA,36
2020-3-28,LA,18
2020-3-29,LA,15
2020-3-30,LA,34
2020-3-31,LA,54
2020-4-1,LA,33
2020-4-2,LA,37
2020-4-3,LA,60
2020-4-4,LA,42
2020-4-5,LA,65
2020-4-6,LA,35
2020-4-7,LA,70
2020-4-8,LA,70
2020-4-9,LA,50
2020-4-10,LA,53
2020-4-11,LA,51
2020-4-12,LA,34
2020-4-13,LA,44
2020-4-14,LA,129
2020-4-15,LA,90
2020-4-16,LA,53
2020-4-17,LA,57
2020-4-18,LA,54
2020-4-19,LA,29
2020-4-20,LA,32
2020-4-21,LA,77
2020-4-22,LA,68
2020-4-23,LA,67
2020-4-24,LA,61
2020-4-25,LA,43
2020-4-26,LA,26
2020-4-27,LA,27
2020-4-28,LA,61
2020-4-29,LA,44
2020-4-30,LA,60
2020-5-1,LA,65
2020-5-2,LA,23
2020-5-3,LA,19
2020-5-4,LA,22
2020-5-5,LA,51
2020-5-6,LA,52
2020-5-7,LA,41
2020-5-8,LA,19
2020-5-9,LA,40
2020-5-10,LA,19
2020-1-25,NH,0
2020-1-26,NH,0
2020-1-27,NH,0
2020-1-28,NH,0
2020-1-29,NH,0
2020-1-30,NH,0
2020-1-31,NH,0
2020-2-1,NH,0
2020-2-2,NH,0
2020-2-3,NH,0
2020-2-4,NH,0
2020-2-5,NH,0
2020-2-6,NH,0
2020-2-7,NH,0
2020-2-8,NH,0
2020-2-9,NH,0
2020-2-10,NH,0
2020-2-11,NH,0
2020-2-12,NH,0
2020-2-13,NH,0
2020-2-14,NH,0
2020-2-15,NH,0
2020-2-16,NH,0
2020-2-17,NH,0
2020-2-18,NH,0
2020-2-19,NH,0
2020-2-20,NH,0
2020-2-21,NH,0
2020-2-22,NH,0
2020-2-23,NH,0
2020-2-24,NH,0
2020-2-25,NH,0
2020-2-26,NH,0
2020-2-27,NH,0
2020-2-28,NH,0
2020-2-29,NH,0
2020-3-1,NH,0
2020-3-2,NH,0
2020-3-3,NH,0
2020-3-4,NH,0
2020-3-5,NH,0
2020-3-6,NH,0
2020-3-7,NH,0
2020-3-8,NH,0
2020-3-9,NH,0
2020-3-10,NH,0
2020-3-11,NH,0
2020-3-12,NH,0
2020-3-13,NH,0
2020-3-14,NH,0
2020-3-15,NH,0
2020-3-16,NH,0
2020-3-17,NH,0
2020-3-18,NH,0
2020-3-19,NH,0
2020-3-20,NH,0
2020-3-21,NH,0
2020-3-22,NH,0
2020-3-23,NH,1
2020-3-24,NH,0
2020-3-25,NH,0
2020-3-26,NH,0
2020-3-27,NH,1
2020-3-28,NH,0
2020-3-29,NH,1
2020-3-30,NH,0
2020-3-31,NH,0
2020-4-1,NH,1
2020-4-2,NH,1
2020-4-3,NH,2
2020-4-4,NH,2
2020-4-5,NH,0
2020-4-6,NH,0
2020-4-7,NH,4
2020-4-8,NH,5
2020-4-9,NH,3
2020-4-10,NH,1
2020-4-11,NH,1
2020-4-12,NH,0
2020-4-13,NH,0
2020-4-14,NH,4
2020-4-15,NH,5
2020-4-16,NH,2
2020-4-17,NH,3
2020-4-18,NH,1
2020-4-19,NH,3
2020-4-20,NH,1
2020-4-21,NH,0
2020-4-22,NH,6
2020-4-23,NH,3
2020-4-24,NH,2
2020-4-25,NH,7
2020-4-26,NH,0
2020-4-27,NH,0
2020-4-28,NH,0
2020-4-29,NH,6
2020-4-30,NH,6
2020-5-1,NH,9
2020-5-2,NH,3
2020-5-3,NH,2
2020-5-4,NH,0
2020-5-5,NH,6
2020-5-6,NH,19
2020-5-7,NH,3
2020-5-8,NH,7
2020-5-9,NH,10
2020-5-10,NH,2
2020-1-25,SC,0
2020-1-26,SC,0
2020-1-27,SC,0
2020-1-28,SC,0
2020-1-29,SC,0
2020-1-30,SC,0
2020-1-31,SC,0
2020-2-1,SC,0
2020-2-2,SC,0
2020-2-3,SC,0
2020-2-4,SC,0
2020-2-5,SC,0
2020-2-6,SC,0
2020-2-7,SC,0
2020-2-8,SC,0
2020-2-9,SC,0
2020-2-10,SC,0
2020-2-11,SC,0
2020-2-12,SC,0
2020-2-13,SC,0
2020-2-14,SC,0
2020-2-15,SC,0
2020-2-16,SC,0
2020-2-17,SC,0
2020-2-18,SC,0
2020-2-19,SC,0
2020-2-20,SC,0
2020-2-21,SC,0
2020-2-22,SC,0
2020-2-23,SC,0
2020-2-24,SC,0
2020-2-25,SC,0
2020-2-26,SC,0
2020-2-27,SC,0
2020-2-28,SC,0
2020-2-29,SC,0
2020-3-1,SC,0
2020-3-2,SC,0
2020-3-3,SC,0
2020-3-4,SC,0
2020-3-5,SC,0
2020-3-6,SC,0
2020-3-7,SC,0
2020-3-8,SC,0
2020-3-9,SC,0
2020-3-10,SC,0
2020-3-11,SC,0
2020-3-12,SC,0
2020-3-13,SC,0
2020-3-14,SC,0
2020-3-15,SC,0
2020-3-16,SC,1
2020-3-17,SC,0
2020-3-18,SC,0
2020-3-19,SC,0
2020-3-20,SC,2
2020-3-21,SC,0
2020-3-22,SC,0
2020-3-23,SC,2
2020-3-24,SC,2
2020-3-25,SC,0
2020-3-26,SC,2
2020-3-27,SC,4
2020-3-28,SC,2
2020-3-29,SC,1
2020-3-30,SC,2
2020-3-31,SC,4
2020-4-1,SC,4
2020-4-2,SC,5
2020-4-3,SC,3
2020-4-4,SC,6
2020-4-5,SC,4
2020-4-6,SC,4
2020-4-7,SC,3
2020-4-8,SC,12
2020-4-9,SC,4
2020-4-10,SC,5
2020-4-11,SC,8
2020-4-12,SC,2
2020-4-13,SC,5
2020-4-14,SC,10
2020-4-15,SC,10
2020-4-16,SC,2
2020-4-17,SC,7
2020-4-18,SC,3
2020-4-19,SC,1
2020-4-20,SC,4
2020-4-21,SC,11
2020-4-22,SC,5
2020-4-23,SC,10
2020-4-24,SC,7
2020-4-25,SC,9
2020-4-26,SC,8
2020-4-27,SC,3
2020-4-28,SC,15
2020-4-29,SC,40
2020-4-30,SC,12
2020-5-1,SC,12
2020-5-2,SC,11
2020-5-3,SC,8
2020-5-4,SC,8
2020-5-5,SC,13
2020-5-6,SC,9
2020-5-7,SC,11
2020-5-8,SC,4
2020-5-9,SC,10
2020-5-10,SC,1
2020-1-25,ME,0
2020-1-26,ME,0
2020-1-27,ME,0
2020-1-28,ME,0
2020-1-29,ME,0
2020-1-30,ME,0
2020-1-31,ME,0
2020-2-1,ME,0
2020-2-2,ME,0
2020-2-3,ME,0
2020-2-4,ME,0
2020-2-5,ME,0
2020-2-6,ME,0
2020-2-7,ME,0
2020-2-8,ME,0
2020-2-9,ME,0
2020-2-10,ME,0
2020-2-11,ME,0
2020-2-12,ME,0
2020-2-13,ME,0
2020-2-14,ME,0
2020-2-15,ME,0
2020-2-16,ME,0
2020-2-17,ME,0
2020-2-18,ME,0
2020-2-19,ME,0
2020-2-20,ME,0
2020-2-21,ME,0
2020-2-22,ME,0
2020-2-23,ME,0
2020-2-24,ME,0
2020-2-25,ME,0
2020-2-26,ME,0
2020-2-27,ME,0
2020-2-28,ME,0
2020-2-29,ME,0
2020-3-1,ME,0
2020-3-2,ME,0
2020-3-3,ME,0
2020-3-4,ME,0
2020-3-5,ME,0
2020-3-6,ME,0
2020-3-7,ME,0
2020-3-8,ME,0
2020-3-9,ME,0
2020-3-10,ME,0
2020-3-11,ME,0
2020-3-12,ME,0
2020-3-13,ME,0
2020-3-14,ME,0
2020-3-15,ME,0
2020-3-16,ME,0
2020-3-17,ME,0
2020-3-18,ME,0
2020-3-19,ME,0
2020-3-20,ME,0
2020-3-21,ME,0
2020-3-22,ME,0
2020-3-23,ME,0
2020-3-24,ME,0
2020-3-25,ME,0
2020-3-26,ME,0
2020-3-27,ME,1
2020-3-28,ME,0
2020-3-29,ME,2
2020-3-30,ME,0
2020-3-31,ME,2
2020-4-1,ME,2
2020-4-2,ME,0
2020-4-3,ME,2
2020-4-4,ME,1
2020-4-5,ME,0
2020-4-6,ME,0
2020-4-7,ME,2
2020-4-8,ME,2
2020-4-9,ME,2
2020-4-10,ME,1
2020-4-11,ME,2
2020-4-12,ME,0
2020-4-13,ME,0
2020-4-14,ME,1
2020-4-15,ME,4
2020-4-16,ME,3
2020-4-17,ME,2
2020-4-18,ME,3
2020-4-19,ME,2
2020-4-20,ME,1
2020-4-21,ME,1
2020-4-22,ME,3
2020-4-23,ME,5
2020-4-24,ME,3
2020-4-25,ME,3
2020-4-26,ME,0
2020-4-27,ME,1
2020-4-28,ME,0
2020-4-29,ME,1
2020-4-30,ME,1
2020-5-1,ME,2
2020-5-2,ME,1
2020-5-3,ME,1
2020-5-4,ME,0
2020-5-5,ME,4
2020-5-6,ME,1
2020-5-7,ME,0
2020-5-8,ME,1
2020-5-9,ME,1
2020-5-10,ME,0
2020-1-25,MN,0
2020-1-26,MN,0
2020-1-27,MN,0
2020-1-28,MN,0
2020-1-29,MN,0
2020-1-30,MN,0
2020-1-31,MN,0
2020-2-1,MN,0
2020-2-2,MN,0
2020-2-3,MN,0
2020-2-4,MN,0
2020-2-5,MN,0
2020-2-6,MN,0
2020-2-7,MN,0
2020-2-8,MN,0
2020-2-9,MN,0
2020-2-10,MN,0
2020-2-11,MN,0
2020-2-12,MN,0
2020-2-13,MN,0
2020-2-14,MN,0
2020-2-15,MN,0
2020-2-16,MN,0
2020-2-17,MN,0
2020-2-18,MN,0
2020-2-19,MN,0
2020-2-20,MN,0
2020-2-21,MN,0
2020-2-22,MN,0
2020-2-23,MN,0
2020-2-24,MN,0
2020-2-25,MN,0
2020-2-26,MN,0
2020-2-27,MN,0
2020-2-28,MN,0
2020-2-29,MN,0
2020-3-1,MN,0
2020-3-2,MN,0
2020-3-3,MN,0
2020-3-4,MN,0
2020-3-5,MN,0
2020-3-6,MN,0
2020-3-7,MN,0
2020-3-8,MN,0
2020-3-9,MN,0
2020-3-10,MN,0
2020-3-11,MN,0
2020-3-12,MN,0
2020-3-13,MN,0
2020-3-14,MN,0
2020-3-15,MN,0
2020-3-16,MN,0
2020-3-17,MN,0
2020-3-18,MN,0
2020-3-19,MN,0
2020-3-20,MN,0
2020-3-21,MN,1
2020-3-22,MN,0
2020-3-23,MN,0
2020-3-24,MN,0
2020-3-25,MN,0
2020-3-26,MN,1
2020-3-27,MN,2
2020-3-28,MN,1
2020-3-29,MN,4
2020-3-30,MN,1
2020-3-31,MN,2
2020-4-1,MN,5
2020-4-2,MN,1
2020-4-3,MN,4
2020-4-4,MN,2
2020-4-5,MN,5
2020-4-6,MN,1
2020-4-7,MN,4
2020-4-8,MN,5
2020-4-9,MN,11
2020-4-10,MN,7
2020-4-11,MN,7
2020-4-12,MN,6
2020-4-13,MN,0
2020-4-14,MN,9
2020-4-15,MN,8
2020-4-16,MN,7
2020-4-17,MN,17
2020-4-18,MN,10
2020-4-19,MN,13
2020-4-20,MN,9
2020-4-21,MN,17
2020-4-22,MN,19
2020-4-23,MN,21
2020-4-24,MN,21
2020-4-25,MN,23
2020-4-26,MN,28
2020-4-27,MN,14
2020-4-28,MN,15
2020-4-29,MN,18
2020-4-30,MN,24
2020-5-1,MN,28
2020-5-2,MN,24
2020-5-3,MN,24
2020-5-4,MN,9
2020-5-5,MN,27
2020-5-6,MN,30
2020-5-7,MN,23
2020-5-8,MN,26
2020-5-9,MN,24
2020-5-10,MN,20
2020-1-25,SD,0
2020-1-26,SD,0
2020-1-27,SD,0
2020-1-28,SD,0
2020-1-29,SD,0
2020-1-30,SD,0
2020-1-31,SD,0
2020-2-1,SD,0
2020-2-2,SD,0
2020-2-3,SD,0
2020-2-4,SD,0
2020-2-5,SD,0
2020-2-6,SD,0
2020-2-7,SD,0
2020-2-8,SD,0
2020-2-9,SD,0
2020-2-10,SD,0
2020-2-11,SD,0
2020-2-12,SD,0
2020-2-13,SD,0
2020-2-14,SD,0
2020-2-15,SD,0
2020-2-16,SD,0
2020-2-17,SD,0
2020-2-18,SD,0
2020-2-19,SD,0
2020-2-20,SD,0
2020-2-21,SD,0
2020-2-22,SD,0
2020-2-23,SD,0
2020-2-24,SD,0
2020-2-25,SD,0
2020-2-26,SD,0
2020-2-27,SD,0
2020-2-28,SD,0
2020-2-29,SD,0
2020-3-1,SD,0
2020-3-2,SD,0
2020-3-3,SD,0
2020-3-4,SD,0
2020-3-5,SD,0
2020-3-6,SD,0
2020-3-7,SD,0
2020-3-8,SD,0
2020-3-9,SD,0
2020-3-10,SD,0
2020-3-11,SD,0
2020-3-12,SD,0
2020-3-13,SD,0
2020-3-14,SD,0
2020-3-15,SD,0
2020-3-16,SD,0
2020-3-17,SD,0
2020-3-18,SD,0
2020-3-19,SD,0
2020-3-20,SD,0
2020-3-21,SD,0
2020-3-22,SD,0
2020-3-23,SD,0
2020-3-24,SD,0
2020-3-25,SD,0
2020-3-26,SD,0
2020-3-27,SD,0
2020-3-28,SD,0
2020-3-29,SD,0
2020-3-30,SD,0
2020-3-31,SD,0
2020-4-1,SD,1
2020-4-2,SD,0
2020-4-3,SD,0
2020-4-4,SD,0
2020-4-5,SD,0
2020-4-6,SD,2
2020-4-7,SD,2
2020-4-8,SD,0
2020-4-9,SD,0
2020-4-10,SD,0
2020-4-11,SD,0
2020-4-12,SD,0
2020-4-13,SD,0
2020-4-14,SD,0
2020-4-15,SD,0
2020-4-16,SD,1
2020-4-17,SD,0
2020-4-18,SD,0
2020-4-19,SD,0
2020-4-20,SD,0
2020-4-21,SD,1
2020-4-22,SD,1
2020-4-23,SD,0
2020-4-24,SD,1
2020-4-25,SD,0
2020-4-26,SD,1
2020-4-27,SD,0
2020-4-28,SD,0
2020-4-29,SD,2
2020-4-30,SD,4
2020-5-1,SD,4
2020-5-2,SD,0
2020-5-3,SD,0
2020-5-4,SD,0
2020-5-5,SD,3
2020-5-6,SD,5
2020-5-7,SD,2
2020-5-8,SD,0
2020-5-9,SD,3
2020-5-10,SD,0
2020-1-25,PA,0
2020-1-26,PA,0
2020-1-27,PA,0
2020-1-28,PA,0
2020-1-29,PA,0
2020-1-30,PA,0
2020-1-31,PA,0
2020-2-1,PA,0
2020-2-2,PA,0
2020-2-3,PA,0
2020-2-4,PA,0
2020-2-5,PA,0
2020-2-6,PA,0
2020-2-7,PA,0
2020-2-8,PA,0
2020-2-9,PA,0
2020-2-10,PA,0
2020-2-11,PA,0
2020-2-12,PA,0
2020-2-13,PA,0
2020-2-14,PA,0
2020-2-15,PA,0
2020-2-16,PA,0
2020-2-17,PA,0
2020-2-18,PA,0
2020-2-19,PA,0
2020-2-20,PA,0
2020-2-21,PA,0
2020-2-22,PA,0
2020-2-23,PA,0
2020-2-24,PA,0
2020-2-25,PA,0
2020-2-26,PA,0
2020-2-27,PA,0
2020-2-28,PA,0
2020-2-29,PA,0
2020-3-1,PA,0
2020-3-2,PA,0
2020-3-3,PA,0
2020-3-4,PA,0
2020-3-5,PA,0
2020-3-6,PA,0
2020-3-7,PA,0
2020-3-8,PA,0
2020-3-9,PA,0
2020-3-10,PA,0
2020-3-11,PA,0
2020-3-12,PA,0
2020-3-13,PA,0
2020-3-14,PA,0
2020-3-15,PA,0
2020-3-16,PA,0
2020-3-17,PA,0
2020-3-18,PA,1
2020-3-19,PA,0
2020-3-20,PA,0
2020-3-21,PA,1
2020-3-22,PA,1
2020-3-23,PA,3
2020-3-24,PA,1
2020-3-25,PA,4
2020-3-26,PA,5
2020-3-27,PA,7
2020-3-28,PA,12
2020-3-29,PA,5
2020-3-30,PA,8
2020-3-31,PA,24
2020-4-1,PA,2
2020-4-2,PA,16
2020-4-3,PA,12
2020-4-4,PA,37
2020-4-5,PA,20
2020-4-6,PA,10
2020-4-7,PA,71
2020-4-8,PA,73
2020-4-9,PA,31
2020-4-10,PA,91
2020-4-11,PA,80
2020-4-12,PA,10
2020-4-13,PA,38
2020-4-14,PA,183
2020-4-15,PA,87
2020-4-16,PA,31
2020-4-17,PA,163
2020-4-18,PA,123
2020-4-19,PA,135
2020-4-20,PA,81
2020-4-21,PA,254
2020-4-22,PA,100
2020-4-23,PA,3
2020-4-24,PA,63
2020-4-25,PA,56
2020-4-26,PA,29
2020-4-27,PA,75
2020-4-28,PA,146
2020-4-29,PA,300
2020-4-30,PA,188
2020-5-1,PA,91
2020-5-2,PA,123
2020-5-3,PA,49
2020-5-4,PA,37
2020-5-5,PA,326
2020-5-6,PA,154
2020-5-7,PA,239
2020-5-8,PA,125
2020-5-9,PA,69
2020-5-10,PA,26
2020-1-25,KY,0
2020-1-26,KY,0
2020-1-27,KY,0
2020-1-28,KY,0
2020-1-29,KY,0
2020-1-30,KY,0
2020-1-31,KY,0
2020-2-1,KY,0
2020-2-2,KY,0
2020-2-3,KY,0
2020-2-4,KY,0
2020-2-5,KY,0
2020-2-6,KY,0
2020-2-7,KY,0
2020-2-8,KY,0
2020-2-9,KY,0
2020-2-10,KY,0
2020-2-11,KY,0
2020-2-12,KY,0
2020-2-13,KY,0
2020-2-14,KY,0
2020-2-15,KY,0
2020-2-16,KY,0
2020-2-17,KY,0
2020-2-18,KY,0
2020-2-19,KY,0
2020-2-20,KY,0
2020-2-21,KY,0
2020-2-22,KY,0
2020-2-23,KY,0
2020-2-24,KY,0
2020-2-25,KY,0
2020-2-26,KY,0
2020-2-27,KY,0
2020-2-28,KY,0
2020-2-29,KY,0
2020-3-1,KY,0
2020-3-2,KY,0
2020-3-3,KY,0
2020-3-4,KY,0
2020-3-5,KY,0
2020-3-6,KY,0
2020-3-7,KY,0
2020-3-8,KY,0
2020-3-9,KY,0
2020-3-10,KY,0
2020-3-11,KY,0
2020-3-12,KY,0
2020-3-13,KY,0
2020-3-14,KY,0
2020-3-15,KY,0
2020-3-16,KY,1
2020-3-17,KY,0
2020-3-18,KY,0
2020-3-19,KY,1
2020-3-20,KY,0
2020-3-21,KY,1
2020-3-22,KY,0
2020-3-23,KY,0
2020-3-24,KY,0
2020-3-25,KY,2
2020-3-26,KY,0
2020-3-27,KY,3
2020-3-28,KY,1
2020-3-29,KY,0
2020-3-30,KY,2
2020-3-31,KY,7
2020-4-1,KY,2
2020-4-2,KY,14
2020-4-3,KY,0
2020-4-4,KY,6
2020-4-5,KY,4
2020-4-6,KY,8
2020-4-7,KY,14
2020-4-8,KY,7
2020-4-9,KY,11
2020-4-10,KY,6
2020-4-11,KY,4
2020-4-12,KY,4
2020-4-13,KY,8
2020-4-14,KY,9
2020-4-15,KY,9
2020-4-16,KY,7
2020-4-17,KY,9
2020-4-18,KY,5
2020-4-19,KY,4
2020-4-20,KY,6
2020-4-21,KY,17
2020-4-22,KY,13
2020-4-23,KY,9
2020-4-24,KY,9
2020-4-25,KY,5
2020-4-26,KY,3
2020-4-27,KY,5
2020-4-28,KY,15
2020-4-29,KY,4
2020-4-30,KY,5
2020-5-1,KY,8
2020-5-2,KY,4
2020-5-3,KY,4
2020-5-4,KY,11
2020-5-5,KY,11
2020-5-6,KY,8
2020-5-7,KY,16
2020-5-8,KY,2
2020-5-9,KY,8
2020-5-10,KY,0
2020-1-25,WI,0
2020-1-26,WI,0
2020-1-27,WI,0
2020-1-28,WI,0
2020-1-29,WI,0
2020-1-30,WI,0
2020-1-31,WI,0
2020-2-1,WI,0
2020-2-2,WI,0
2020-2-3,WI,0
2020-2-4,WI,0
2020-2-5,WI,0
2020-2-6,WI,0
2020-2-7,WI,0
2020-2-8,WI,0
2020-2-9,WI,0
2020-2-10,WI,0
2020-2-11,WI,0
2020-2-12,WI,0
2020-2-13,WI,0
2020-2-14,WI,0
2020-2-15,WI,0
2020-2-16,WI,0
2020-2-17,WI,0
2020-2-18,WI,0
2020-2-19,WI,0
2020-2-20,WI,0
2020-2-21,WI,0
2020-2-22,WI,0
2020-2-23,WI,0
2020-2-24,WI,0
2020-2-25,WI,0
2020-2-26,WI,0
2020-2-27,WI,0
2020-2-28,WI,0
2020-2-29,WI,0
2020-3-1,WI,0
2020-3-2,WI,0
2020-3-3,WI,0
2020-3-4,WI,0
2020-3-5,WI,0
2020-3-6,WI,0
2020-3-7,WI,0
2020-3-8,WI,0
2020-3-9,WI,0
2020-3-10,WI,0
2020-3-11,WI,0
2020-3-12,WI,0
2020-3-13,WI,0
2020-3-14,WI,0
2020-3-15,WI,0
2020-3-16,WI,0
2020-3-17,WI,0
2020-3-18,WI,0
2020-3-19,WI,2
2020-3-20,WI,1
2020-3-21,WI,1
2020-3-22,WI,0
2020-3-23,WI,1
2020-3-24,WI,0
2020-3-25,WI,2
2020-3-26,WI,3
2020-3-27,WI,6
2020-3-28,WI,1
2020-3-29,WI,0
2020-3-30,WI,3
2020-3-31,WI,5
2020-4-1,WI,8
2020-4-2,WI,4
2020-4-3,WI,12
2020-4-4,WI,11
2020-4-5,WI,13
2020-4-6,WI,10
2020-4-7,WI,11
2020-4-8,WI,13
2020-4-9,WI,9
2020-4-10,WI,15
2020-4-11,WI,10
2020-4-12,WI,4
2020-4-13,WI,10
2020-4-14,WI,17
2020-4-15,WI,12
2020-4-16,WI,13
2020-4-17,WI,8
2020-4-18,WI,7
2020-4-19,WI,10
2020-4-20,WI,9
2020-4-21,WI,12
2020-4-22,WI,4
2020-4-23,WI,10
2020-4-24,WI,5
2020-4-25,WI,4
2020-4-26,WI,8
2020-4-27,WI,7
2020-4-28,WI,19
2020-4-29,WI,8
2020-4-30,WI,8
2020-5-1,WI,11
2020-5-2,WI,7
2020-5-3,WI,5
2020-5-4,WI,1
2020-5-5,WI,13
2020-5-6,WI,9
2020-5-7,WI,12
2020-5-8,WI,10
2020-5-9,WI,14
2020-5-10,WI,2
2020-1-25,IL,0
2020-1-26,IL,0
2020-1-27,IL,0
2020-1-28,IL,0
2020-1-29,IL,0
2020-1-30,IL,0
2020-1-31,IL,0
2020-2-1,IL,0
2020-2-2,IL,0
2020-2-3,IL,0
2020-2-4,IL,0
2020-2-5,IL,0
2020-2-6,IL,0
2020-2-7,IL,0
2020-2-8,IL,0
2020-2-9,IL,0
2020-2-10,IL,0
2020-2-11,IL,0
2020-2-12,IL,0
2020-2-13,IL,0
2020-2-14,IL,0
2020-2-15,IL,0
2020-2-16,IL,0
2020-2-17,IL,0
2020-2-18,IL,0
2020-2-19,IL,0
2020-2-20,IL,0
2020-2-21,IL,0
2020-2-22,IL,0
2020-2-23,IL,0
2020-2-24,IL,0
2020-2-25,IL,0
2020-2-26,IL,0
2020-2-27,IL,0
2020-2-28,IL,0
2020-2-29,IL,0
2020-3-1,IL,0
2020-3-2,IL,0
2020-3-3,IL,0
2020-3-4,IL,0
2020-3-5,IL,0
2020-3-6,IL,0
2020-3-7,IL,0
2020-3-8,IL,0
2020-3-9,IL,0
2020-3-10,IL,0
2020-3-11,IL,0
2020-3-12,IL,0
2020-3-13,IL,0
2020-3-14,IL,0
2020-3-15,IL,0
2020-3-16,IL,0
2020-3-17,IL,1
2020-3-18,IL,0
2020-3-19,IL,3
2020-3-20,IL,1
2020-3-21,IL,1
2020-3-22,IL,3
2020-3-23,IL,3
2020-3-24,IL,4
2020-3-25,IL,5
2020-3-26,IL,5
2020-3-27,IL,11
2020-3-28,IL,13
2020-3-29,IL,20
2020-3-30,IL,14
2020-3-31,IL,23
2020-4-1,IL,39
2020-4-2,IL,19
2020-4-3,IL,46
2020-4-4,IL,37
2020-4-5,IL,34
2020-4-6,IL,27
2020-4-7,IL,75
2020-4-8,IL,80
2020-4-9,IL,70
2020-4-10,IL,73
2020-4-11,IL,75
2020-4-12,IL,45
2020-4-13,IL,73
2020-4-14,IL,78
2020-4-15,IL,80
2020-4-16,IL,123
2020-4-17,IL,61
2020-4-18,IL,130
2020-4-19,IL,30
2020-4-20,IL,57
2020-4-21,IL,120
2020-4-22,IL,98
2020-4-23,IL,119
2020-4-24,IL,108
2020-4-25,IL,80
2020-4-26,IL,59
2020-4-27,IL,49
2020-4-28,IL,140
2020-4-29,IL,89
2020-4-30,IL,140
2020-5-1,IL,103
2020-5-2,IL,112
2020-5-3,IL,56
2020-5-4,IL,41
2020-5-5,IL,170
2020-5-6,IL,134
2020-5-7,IL,162
2020-5-8,IL,123
2020-5-9,IL,100
2020-5-10,IL,64
2020-1-25,MI,0
2020-1-26,MI,0
2020-1-27,MI,0
2020-1-28,MI,0
2020-1-29,MI,0
2020-1-30,MI,0
2020-1-31,MI,0
2020-2-1,MI,0
2020-2-2,MI,0
2020-2-3,MI,0
2020-2-4,MI,0
2020-2-5,MI,0
2020-2-6,MI,0
2020-2-7,MI,0
2020-2-8,MI,0
2020-2-9,MI,0
2020-2-10,MI,0
2020-2-11,MI,0
2020-2-12,MI,0
2020-2-13,MI,0
2020-2-14,MI,0
2020-2-15,MI,0
2020-2-16,MI,0
2020-2-17,MI,0
2020-2-18,MI,0
2020-2-19,MI,0
2020-2-20,MI,0
2020-2-21,MI,0
2020-2-22,MI,0
2020-2-23,MI,0
2020-2-24,MI,0
2020-2-25,MI,0
2020-2-26,MI,0
2020-2-27,MI,0
2020-2-28,MI,0
2020-2-29,MI,0
2020-3-1,MI,0
2020-3-2,MI,0
2020-3-3,MI,0
2020-3-4,MI,0
2020-3-5,MI,0
2020-3-6,MI,0
2020-3-7,MI,0
2020-3-8,MI,0
2020-3-9,MI,0
2020-3-10,MI,0
2020-3-11,MI,0
2020-3-12,MI,0
2020-3-13,MI,0
2020-3-14,MI,0
2020-3-15,MI,0
2020-3-16,MI,0
2020-3-17,MI,0
2020-3-18,MI,1
2020-3-19,MI,2
2020-3-20,MI,1
2020-3-21,MI,2
2020-3-22,MI,3
2020-3-23,MI,7
2020-3-24,MI,8
2020-3-25,MI,19
2020-3-26,MI,20
2020-3-27,MI,30
2020-3-28,MI,18
2020-3-29,MI,21
2020-3-30,MI,65
2020-3-31,MI,67
2020-4-1,MI,72
2020-4-2,MI,81
2020-4-3,MI,61
2020-4-4,MI,62
2020-4-5,MI,76
2020-4-6,MI,111
2020-4-7,MI,118
2020-4-8,MI,114
2020-4-9,MI,117
2020-4-10,MI,204
2020-4-11,MI,111
2020-4-12,MI,95
2020-4-13,MI,115
2020-4-14,MI,165
2020-4-15,MI,153
2020-4-16,MI,172
2020-4-17,MI,135
2020-4-18,MI,81
2020-4-19,MI,82
2020-4-20,MI,77
2020-4-21,MI,232
2020-4-22,MI,114
2020-4-23,MI,165
2020-4-24,MI,107
2020-4-25,MI,189
2020-4-26,MI,41
2020-4-27,MI,92
2020-4-28,MI,160
2020-4-29,MI,104
2020-4-30,MI,118
2020-5-1,MI,78
2020-5-2,MI,154
2020-5-3,MI,29
2020-5-4,MI,86
2020-5-5,MI,44
2020-5-6,MI,71
2020-5-7,MI,93
2020-5-8,MI,50
2020-5-9,MI,133
2020-5-10,MI,25
2020-1-25,MA,0
2020-1-26,MA,0
2020-1-27,MA,0
2020-1-28,MA,0
2020-1-29,MA,0
2020-1-30,MA,0
2020-1-31,MA,0
2020-2-1,MA,0
2020-2-2,MA,0
2020-2-3,MA,0
2020-2-4,MA,0
2020-2-5,MA,0
2020-2-6,MA,0
2020-2-7,MA,0
2020-2-8,MA,0
2020-2-9,MA,0
2020-2-10,MA,0
2020-2-11,MA,0
2020-2-12,MA,0
2020-2-13,MA,0
2020-2-14,MA,0
2020-2-15,MA,0
2020-2-16,MA,0
2020-2-17,MA,0
2020-2-18,MA,0
2020-2-19,MA,0
2020-2-20,MA,0
2020-2-21,MA,0
2020-2-22,MA,0
2020-2-23,MA,0
2020-2-24,MA,0
2020-2-25,MA,0
2020-2-26,MA,0
2020-2-27,MA,0
2020-2-28,MA,0
2020-2-29,MA,0
2020-3-1,MA,0
2020-3-2,MA,0
2020-3-3,MA,0
2020-3-4,MA,0
2020-3-5,MA,0
2020-3-6,MA,0
2020-3-7,MA,0
2020-3-8,MA,0
2020-3-9,MA,0
2020-3-10,MA,0
2020-3-11,MA,0
2020-3-12,MA,0
2020-3-13,MA,0
2020-3-14,MA,0
2020-3-15,MA,0
2020-3-16,MA,0
2020-3-17,MA,0
2020-3-18,MA,0
2020-3-19,MA,0
2020-3-20,MA,1
2020-3-21,MA,1
2020-3-22,MA,3
2020-3-23,MA,4
2020-3-24,MA,2
2020-3-25,MA,4
2020-3-26,MA,10
2020-3-27,MA,10
2020-3-28,MA,9
2020-3-29,MA,4
2020-3-30,MA,8
2020-3-31,MA,33
2020-4-1,MA,33
2020-4-2,MA,32
2020-4-3,MA,38
2020-4-4,MA,24
2020-4-5,MA,15
2020-4-6,MA,29
2020-4-7,MA,96
2020-4-8,MA,77
2020-4-9,MA,70
2020-4-10,MA,96
2020-4-11,MA,87
2020-4-12,MA,70
2020-4-13,MA,88
2020-4-14,MA,113
2020-4-15,MA,151
2020-4-16,MA,137
2020-4-17,MA,159
2020-4-18,MA,156
2020-4-19,MA,146
2020-4-20,MA,103
2020-4-21,MA,152
2020-4-22,MA,221
2020-4-23,MA,178
2020-4-24,MA,196
2020-4-25,MA,174
2020-4-26,MA,169
2020-4-27,MA,104
2020-4-28,MA,150
2020-4-29,MA,252
2020-4-30,MA,157
2020-5-1,MA,154
2020-5-2,MA,130
2020-5-3,MA,158
2020-5-4,MA,86
2020-5-5,MA,122
2020-5-6,MA,208
2020-5-7,MA,132
2020-5-8,MA,150
2020-5-9,MA,138
2020-5-10,MA,139
2020-1-25,MD,0
2020-1-26,MD,0
2020-1-27,MD,0
2020-1-28,MD,0
2020-1-29,MD,0
2020-1-30,MD,0
2020-1-31,MD,0
2020-2-1,MD,0
2020-2-2,MD,0
2020-2-3,MD,0
2020-2-4,MD,0
2020-2-5,MD,0
2020-2-6,MD,0
2020-2-7,MD,0
2020-2-8,MD,0
2020-2-9,MD,0
2020-2-10,MD,0
2020-2-11,MD,0
2020-2-12,MD,0
2020-2-13,MD,0
2020-2-14,MD,0
2020-2-15,MD,0
2020-2-16,MD,0
2020-2-17,MD,0
2020-2-18,MD,0
2020-2-19,MD,0
2020-2-20,MD,0
2020-2-21,MD,0
2020-2-22,MD,0
2020-2-23,MD,0
2020-2-24,MD,0
2020-2-25,MD,0
2020-2-26,MD,0
2020-2-27,MD,0
2020-2-28,MD,0
2020-2-29,MD,0
2020-3-1,MD,0
2020-3-2,MD,0
2020-3-3,MD,0
2020-3-4,MD,0
2020-3-5,MD,0
2020-3-6,MD,0
2020-3-7,MD,0
2020-3-8,MD,0
2020-3-9,MD,0
2020-3-10,MD,0
2020-3-11,MD,0
2020-3-12,MD,0
2020-3-13,MD,0
2020-3-14,MD,0
2020-3-15,MD,0
2020-3-16,MD,0
2020-3-17,MD,0
2020-3-18,MD,1
2020-3-19,MD,0
2020-3-20,MD,1
2020-3-21,MD,1
2020-3-22,MD,0
2020-3-23,MD,0
2020-3-24,MD,1
2020-3-25,MD,0
2020-3-26,MD,0
2020-3-27,MD,1
2020-3-28,MD,5
2020-3-29,MD,1
2020-3-30,MD,4
2020-3-31,MD,3
2020-4-1,MD,15
2020-4-2,MD,3
2020-4-3,MD,6
2020-4-4,MD,12
2020-4-5,MD,14
2020-4-6,MD,24
2020-4-7,MD,12
2020-4-8,MD,20
2020-4-9,MD,15
2020-4-10,MD,33
2020-4-11,MD,35
2020-4-12,MD,29
2020-4-13,MD,26
2020-4-14,MD,40
2020-4-15,MD,47
2020-4-16,MD,43
2020-4-17,MD,33
2020-4-18,MD,38
2020-4-19,MD,23
2020-4-20,MD,30
2020-4-21,MD,68
2020-4-22,MD,48
2020-4-23,MD,116
2020-4-24,MD,50
2020-4-25,MD,77
2020-4-26,MD,56
2020-4-27,MD,13
2020-4-28,MD,72
2020-4-29,MD,62
2020-4-30,MD,62
2020-5-1,MD,52
2020-5-2,MD,59
2020-5-3,MD,30
2020-5-4,MD,36
2020-5-5,MD,73
2020-5-6,MD,53
2020-5-7,MD,60
2020-5-8,MD,57
2020-5-9,MD,54
2020-5-10,MD,30
2020-1-25,VT,0
2020-1-26,VT,0
2020-1-27,VT,0
2020-1-28,VT,0
2020-1-29,VT,0
2020-1-30,VT,0
2020-1-31,VT,0
2020-2-1,VT,0
2020-2-2,VT,0
2020-2-3,VT,0
2020-2-4,VT,0
2020-2-5,VT,0
2020-2-6,VT,0
2020-2-7,VT,0
2020-2-8,VT,0
2020-2-9,VT,0
2020-2-10,VT,0
2020-2-11,VT,0
2020-2-12,VT,0
2020-2-13,VT,0
2020-2-14,VT,0
2020-2-15,VT,0
2020-2-16,VT,0
2020-2-17,VT,0
2020-2-18,VT,0
2020-2-19,VT,0
2020-2-20,VT,0
2020-2-21,VT,0
2020-2-22,VT,0
2020-2-23,VT,0
2020-2-24,VT,0
2020-2-25,VT,0
2020-2-26,VT,0
2020-2-27,VT,0
2020-2-28,VT,0
2020-2-29,VT,0
2020-3-1,VT,0
2020-3-2,VT,0
2020-3-3,VT,0
2020-3-4,VT,0
2020-3-5,VT,0
2020-3-6,VT,0
2020-3-7,VT,0
2020-3-8,VT,0
2020-3-9,VT,0
2020-3-10,VT,0
2020-3-11,VT,0
2020-3-12,VT,0
2020-3-13,VT,0
2020-3-14,VT,0
2020-3-15,VT,0
2020-3-16,VT,0
2020-3-17,VT,0
2020-3-18,VT,0
2020-3-19,VT,2
2020-3-20,VT,0
2020-3-21,VT,0
2020-3-22,VT,0
2020-3-23,VT,0
2020-3-24,VT,5
2020-3-25,VT,1
2020-3-26,VT,1
2020-3-27,VT,1
2020-3-28,VT,2
2020-3-29,VT,0
2020-3-30,VT,0
2020-3-31,VT,1
2020-4-1,VT,3
2020-4-2,VT,1
2020-4-3,VT,0
2020-4-4,VT,3
2020-4-5,VT,2
2020-4-6,VT,1
2020-4-7,VT,0
2020-4-8,VT,0
2020-4-9,VT,0
2020-4-10,VT,1
2020-4-11,VT,1
2020-4-12,VT,2
2020-4-13,VT,1
2020-4-14,VT,1
2020-4-15,VT,1
2020-4-16,VT,5
2020-4-17,VT,0
2020-4-18,VT,2
2020-4-19,VT,0
2020-4-20,VT,1
2020-4-21,VT,2
2020-4-22,VT,0
2020-4-23,VT,3
2020-4-24,VT,1
2020-4-25,VT,2
2020-4-26,VT,0
2020-4-27,VT,1
2020-4-28,VT,0
2020-4-29,VT,0
2020-4-30,VT,2
2020-5-1,VT,1
2020-5-2,VT,1
2020-5-3,VT,2
2020-5-4,VT,0
2020-5-5,VT,0
2020-5-6,VT,0
2020-5-7,VT,1
2020-5-8,VT,0
2020-5-9,VT,0
2020-5-10,VT,0
2020-1-25,HI,0
2020-1-26,HI,0
2020-1-27,HI,0
2020-1-28,HI,0
2020-1-29,HI,0
2020-1-30,HI,0
2020-1-31,HI,0
2020-2-1,HI,0
2020-2-2,HI,0
2020-2-3,HI,0
2020-2-4,HI,0
2020-2-5,HI,0
2020-2-6,HI,0
2020-2-7,HI,0
2020-2-8,HI,0
2020-2-9,HI,0
2020-2-10,HI,0
2020-2-11,HI,0
2020-2-12,HI,0
2020-2-13,HI,0
2020-2-14,HI,0
2020-2-15,HI,0
2020-2-16,HI,0
2020-2-17,HI,0
2020-2-18,HI,0
2020-2-19,HI,0
2020-2-20,HI,0
2020-2-21,HI,0
2020-2-22,HI,0
2020-2-23,HI,0
2020-2-24,HI,0
2020-2-25,HI,0
2020-2-26,HI,0
2020-2-27,HI,0
2020-2-28,HI,0
2020-2-29,HI,0
2020-3-1,HI,0
2020-3-2,HI,0
2020-3-3,HI,0
2020-3-4,HI,0
2020-3-5,HI,0
2020-3-6,HI,0
2020-3-7,HI,0
2020-3-8,HI,0
2020-3-9,HI,0
2020-3-10,HI,0
2020-3-11,HI,0
2020-3-12,HI,0
2020-3-13,HI,0
2020-3-14,HI,0
2020-3-15,HI,0
2020-3-16,HI,0
2020-3-17,HI,0
2020-3-18,HI,0
2020-3-19,HI,0
2020-3-20,HI,0
2020-3-21,HI,0
2020-3-22,HI,0
2020-3-23,HI,0
2020-3-24,HI,0
2020-3-25,HI,0
2020-3-26,HI,0
2020-3-27,HI,0
2020-3-28,HI,0
2020-3-29,HI,0
2020-3-30,HI,0
2020-3-31,HI,1
2020-4-1,HI,0
2020-4-2,HI,1
2020-4-3,HI,1
2020-4-4,HI,0
2020-4-5,HI,1
2020-4-6,HI,1
2020-4-7,HI,0
2020-4-8,HI,0
2020-4-9,HI,1
2020-4-10,HI,2
2020-4-11,HI,0
2020-4-12,HI,1
2020-4-13,HI,0
2020-4-14,HI,0
2020-4-15,HI,0
2020-4-16,HI,0
2020-4-17,HI,0
2020-4-18,HI,0
2020-4-19,HI,1
2020-4-20,HI,0
2020-4-21,HI,2
2020-4-22,HI,0
2020-4-23,HI,0
2020-4-24,HI,1
2020-4-25,HI,1
2020-4-26,HI,0
2020-4-27,HI,2
2020-4-28,HI,0
2020-4-29,HI,0
2020-4-30,HI,0
2020-5-1,HI,0
2020-5-2,HI,0
2020-5-3,HI,1
2020-5-4,HI,0
2020-5-5,HI,0
2020-5-6,HI,0
2020-5-7,HI,0
2020-5-8,HI,0
2020-5-9,HI,0
2020-5-10,HI,0
2020-1-25,NJ,0
2020-1-26,NJ,0
2020-1-27,NJ,0
2020-1-28,NJ,0
2020-1-29,NJ,0
2020-1-30,NJ,0
2020-1-31,NJ,0
2020-2-1,NJ,0
2020-2-2,NJ,0
2020-2-3,NJ,0
2020-2-4,NJ,0
2020-2-5,NJ,0
2020-2-6,NJ,0
2020-2-7,NJ,0
2020-2-8,NJ,0
2020-2-9,NJ,0
2020-2-10,NJ,0
2020-2-11,NJ,0
2020-2-12,NJ,0
2020-2-13,NJ,0
2020-2-14,NJ,0
2020-2-15,NJ,0
2020-2-16,NJ,0
2020-2-17,NJ,0
2020-2-18,NJ,0
2020-2-19,NJ,0
2020-2-20,NJ,0
2020-2-21,NJ,0
2020-2-22,NJ,0
2020-2-23,NJ,0
2020-2-24,NJ,0
2020-2-25,NJ,0
2020-2-26,NJ,0
2020-2-27,NJ,0
2020-2-28,NJ,0
2020-2-29,NJ,0
2020-3-1,NJ,0
2020-3-2,NJ,0
2020-3-3,NJ,0
2020-3-4,NJ,0
2020-3-5,NJ,0
2020-3-6,NJ,0
2020-3-7,NJ,0
2020-3-8,NJ,0
2020-3-9,NJ,0
2020-3-10,NJ,1
2020-3-11,NJ,0
2020-3-12,NJ,0
2020-3-13,NJ,0
2020-3-14,NJ,1
2020-3-15,NJ,0
2020-3-16,NJ,1
2020-3-17,NJ,0
2020-3-18,NJ,2
2020-3-19,NJ,4
2020-3-20,NJ,2
2020-3-21,NJ,5
2020-3-22,NJ,4
2020-3-23,NJ,7
2020-3-24,NJ,17
2020-3-25,NJ,18
2020-3-26,NJ,19
2020-3-27,NJ,27
2020-3-28,NJ,32
2020-3-29,NJ,21
2020-3-30,NJ,38
2020-3-31,NJ,68
2020-4-1,NJ,88
2020-4-2,NJ,184
2020-4-3,NJ,108
2020-4-4,NJ,200
2020-4-5,NJ,70
2020-4-6,NJ,88
2020-4-7,NJ,227
2020-4-8,NJ,272
2020-4-9,NJ,196
2020-4-10,NJ,232
2020-4-11,NJ,251
2020-4-12,NJ,167
2020-4-13,NJ,93
2020-4-14,NJ,362
2020-4-15,NJ,351
2020-4-16,NJ,362
2020-4-17,NJ,322
2020-4-18,NJ,230
2020-4-19,NJ,132
2020-4-20,NJ,175
2020-4-21,NJ,376
2020-4-22,NJ,310
2020-4-23,NJ,305
2020-4-24,NJ,249
2020-4-25,NJ,246
2020-4-26,NJ,75
2020-4-27,NJ,106
2020-4-28,NJ,398
2020-4-29,NJ,328
2020-4-30,NJ,458
2020-5-1,NJ,310
2020-5-2,NJ,204
2020-5-3,NJ,129
2020-5-4,NJ,39
2020-5-5,NJ,334
2020-5-6,NJ,305
2020-5-7,NJ,252
2020-5-8,NJ,151
2020-5-9,NJ,164
2020-5-10,NJ,139
2020-1-25,IN,0
2020-1-26,IN,0
2020-1-27,IN,0
2020-1-28,IN,0
2020-1-29,IN,0
2020-1-30,IN,0
2020-1-31,IN,0
2020-2-1,IN,0
2020-2-2,IN,0
2020-2-3,IN,0
2020-2-4,IN,0
2020-2-5,IN,0
2020-2-6,IN,0
2020-2-7,IN,0
2020-2-8,IN,0
2020-2-9,IN,0
2020-2-10,IN,0
2020-2-11,IN,0
2020-2-12,IN,0
2020-2-13,IN,0
2020-2-14,IN,0
2020-2-15,IN,0
2020-2-16,IN,0
2020-2-17,IN,0
2020-2-18,IN,0
2020-2-19,IN,0
2020-2-20,IN,0
2020-2-21,IN,0
2020-2-22,IN,0
2020-2-23,IN,0
2020-2-24,IN,0
2020-2-25,IN,0
2020-2-26,IN,0
2020-2-27,IN,0
2020-2-28,IN,0
2020-2-29,IN,0
2020-3-1,IN,0
2020-3-2,IN,0
2020-3-3,IN,0
2020-3-4,IN,0
2020-3-5,IN,0
2020-3-6,IN,0
2020-3-7,IN,0
2020-3-8,IN,0
2020-3-9,IN,0
2020-3-10,IN,0
2020-3-11,IN,0
2020-3-12,IN,0
2020-3-13,IN,0
2020-3-14,IN,0
2020-3-15,IN,0
2020-3-16,IN,1
2020-3-17,IN,1
2020-3-18,IN,0
2020-3-19,IN,0
2020-3-20,IN,1
2020-3-21,IN,1
2020-3-22,IN,2
2020-3-23,IN,1
2020-3-24,IN,5
2020-3-25,IN,2
2020-3-26,IN,4
2020-3-27,IN,8
2020-3-28,IN,5
2020-3-29,IN,1
2020-3-30,IN,3
2020-3-31,IN,15
2020-4-1,IN,15
2020-4-2,IN,13
2020-4-3,IN,24
2020-4-4,IN,14
2020-4-5,IN,11
2020-4-6,IN,14
2020-4-7,IN,32
2020-4-8,IN,30
2020-4-9,IN,43
2020-4-10,IN,54
2020-4-11,IN,30
2020-4-12,IN,13
2020-4-13,IN,7
2020-4-14,IN,37
2020-4-15,IN,49
2020-4-16,IN,41
2020-4-17,IN,42
2020-4-18,IN,26
2020-4-19,IN,17
2020-4-20,IN,7
2020-4-21,IN,61
2020-4-22,IN,31
2020-4-23,IN,45
2020-4-24,IN,35
2020-4-25,IN,44
2020-4-26,IN,28
2020-4-27,IN,119
2020-4-28,IN,60
2020-4-29,IN,73
2020-4-30,IN,49
2020-5-1,IN,61
2020-5-2,IN,54
2020-5-3,IN,17
2020-5-4,IN,18
2020-5-5,IN,62
2020-5-6,IN,51
2020-5-7,IN,37
2020-5-8,IN,33
2020-5-9,IN,43
2020-5-10,IN,18
2020-1-25,KS,0
2020-1-26,KS,0
2020-1-27,KS,0
2020-1-28,KS,0
2020-1-29,KS,0
2020-1-30,KS,0
2020-1-31,KS,0
2020-2-1,KS,0
2020-2-2,KS,0
2020-2-3,KS,0
2020-2-4,KS,0
2020-2-5,KS,0
2020-2-6,KS,0
2020-2-7,KS,0
2020-2-8,KS,0
2020-2-9,KS,0
2020-2-10,KS,0
2020-2-11,KS,0
2020-2-12,KS,0
2020-2-13,KS,0
2020-2-14,KS,0
2020-2-15,KS,0
2020-2-16,KS,0
2020-2-17,KS,0
2020-2-18,KS,0
2020-2-19,KS,0
2020-2-20,KS,0
2020-2-21,KS,0
2020-2-22,KS,0
2020-2-23,KS,0
2020-2-24,KS,0
2020-2-25,KS,0
2020-2-26,KS,0
2020-2-27,KS,0
2020-2-28,KS,0
2020-2-29,KS,0
2020-3-1,KS,0
2020-3-2,KS,0
2020-3-3,KS,0
2020-3-4,KS,0
2020-3-5,KS,0
2020-3-6,KS,0
2020-3-7,KS,0
2020-3-8,KS,0
2020-3-9,KS,0
2020-3-10,KS,0
2020-3-11,KS,0
2020-3-12,KS,1
2020-3-13,KS,0
2020-3-14,KS,0
2020-3-15,KS,0
2020-3-16,KS,0
2020-3-17,KS,0
2020-3-18,KS,0
2020-3-19,KS,0
2020-3-20,KS,0
2020-3-21,KS,1
2020-3-22,KS,0
2020-3-23,KS,0
2020-3-24,KS,1
2020-3-25,KS,0
2020-3-26,KS,0
2020-3-27,KS,1
2020-3-28,KS,2
2020-3-29,KS,1
2020-3-30,KS,2
2020-3-31,KS,1
2020-4-1,KS,1
2020-4-2,KS,3
2020-4-3,KS,5
2020-4-4,KS,2
2020-4-5,KS,2
2020-4-6,KS,2
2020-4-7,KS,5
2020-4-8,KS,8
2020-4-9,KS,4
2020-4-10,KS,8
2020-4-11,KS,5
2020-4-12,KS,1
2020-4-13,KS,7
2020-4-14,KS,6
2020-4-15,KS,7
2020-4-16,KS,4
2020-4-17,KS,4
2020-4-18,KS,2
2020-4-19,KS,8
2020-4-20,KS,7
2020-4-21,KS,6
2020-4-22,KS,4
2020-4-23,KS,1
2020-4-24,KS,5
2020-4-25,KS,2
2020-4-26,KS,1
2020-4-27,KS,6
2020-4-28,KS,1
2020-4-29,KS,5
2020-4-30,KS,1
2020-5-1,KS,3
2020-5-2,KS,4
2020-5-3,KS,2
2020-5-4,KS,12
2020-5-5,KS,6
2020-5-6,KS,3
2020-5-7,KS,1
2020-5-8,KS,3
2020-5-9,KS,5
2020-5-10,KS,0
2020-1-25,NE,0
2020-1-26,NE,0
2020-1-27,NE,0
2020-1-28,NE,0
2020-1-29,NE,0
2020-1-30,NE,0
2020-1-31,NE,0
2020-2-1,NE,0
2020-2-2,NE,0
2020-2-3,NE,0
2020-2-4,NE,0
2020-2-5,NE,0
2020-2-6,NE,0
2020-2-7,NE,0
2020-2-8,NE,0
2020-2-9,NE,0
2020-2-10,NE,0
2020-2-11,NE,0
2020-2-12,NE,0
2020-2-13,NE,0
2020-2-14,NE,0
2020-2-15,NE,0
2020-2-16,NE,0
2020-2-17,NE,0
2020-2-18,NE,0
2020-2-19,NE,0
2020-2-20,NE,0
2020-2-21,NE,0
2020-2-22,NE,0
2020-2-23,NE,0
2020-2-24,NE,0
2020-2-25,NE,0
2020-2-26,NE,0
2020-2-27,NE,0
2020-2-28,NE,0
2020-2-29,NE,0
2020-3-1,NE,0
2020-3-2,NE,0
2020-3-3,NE,0
2020-3-4,NE,0
2020-3-5,NE,0
2020-3-6,NE,0
2020-3-7,NE,0
2020-3-8,NE,0
2020-3-9,NE,0
2020-3-10,NE,0
2020-3-11,NE,0
2020-3-12,NE,0
2020-3-13,NE,0
2020-3-14,NE,0
2020-3-15,NE,0
2020-3-16,NE,0
2020-3-17,NE,0
2020-3-18,NE,0
2020-3-19,NE,0
2020-3-20,NE,0
2020-3-21,NE,0
2020-3-22,NE,0
2020-3-23,NE,0
2020-3-24,NE,0
2020-3-25,NE,0
2020-3-26,NE,0
2020-3-27,NE,2
2020-3-28,NE,0
2020-3-29,NE,0
2020-3-30,NE,1
2020-3-31,NE,1
2020-4-1,NE,1
2020-4-2,NE,1
2020-4-3,NE,0
2020-4-4,NE,2
2020-4-5,NE,0
2020-4-6,NE,2
2020-4-7,NE,2
2020-4-8,NE,2
2020-4-9,NE,1
2020-4-10,NE,3
2020-4-11,NE,0
2020-4-12,NE,0
2020-4-13,NE,1
2020-4-14,NE,2
2020-4-15,NE,1
2020-4-16,NE,2
2020-4-17,NE,0
2020-4-18,NE,4
2020-4-19,NE,0
2020-4-20,NE,5
2020-4-21,NE,5
2020-4-22,NE,5
2020-4-23,NE,4
2020-4-24,NE,4
2020-4-25,NE,2
2020-4-26,NE,2
2020-4-27,NE,0
2020-4-28,NE,2
2020-4-29,NE,11
2020-4-30,NE,3
2020-5-1,NE,2
2020-5-2,NE,3
2020-5-3,NE,2
2020-5-4,NE,1
2020-5-5,NE,3
2020-5-6,NE,4
2020-5-7,NE,6
2020-5-8,NE,1
2020-5-9,NE,3
2020-5-10,NE,2
2020-1-25,DC,0
2020-1-26,DC,0
2020-1-27,DC,0
2020-1-28,DC,0
2020-1-29,DC,0
2020-1-30,DC,0
2020-1-31,DC,0
2020-2-1,DC,0
2020-2-2,DC,0
2020-2-3,DC,0
2020-2-4,DC,0
2020-2-5,DC,0
2020-2-6,DC,0
2020-2-7,DC,0
2020-2-8,DC,0
2020-2-9,DC,0
2020-2-10,DC,0
2020-2-11,DC,0
2020-2-12,DC,0
2020-2-13,DC,0
2020-2-14,DC,0
2020-2-15,DC,0
2020-2-16,DC,0
2020-2-17,DC,0
2020-2-18,DC,0
2020-2-19,DC,0
2020-2-20,DC,0
2020-2-21,DC,0
2020-2-22,DC,0
2020-2-23,DC,0
2020-2-24,DC,0
2020-2-25,DC,0
2020-2-26,DC,0
2020-2-27,DC,0
2020-2-28,DC,0
2020-2-29,DC,0
2020-3-1,DC,0
2020-3-2,DC,0
2020-3-3,DC,0
2020-3-4,DC,0
2020-3-5,DC,0
2020-3-6,DC,0
2020-3-7,DC,0
2020-3-8,DC,0
2020-3-9,DC,0
2020-3-10,DC,0
2020-3-11,DC,0
2020-3-12,DC,0
2020-3-13,DC,0
2020-3-14,DC,0
2020-3-15,DC,0
2020-3-16,DC,0
2020-3-17,DC,0
2020-3-18,DC,0
2020-3-19,DC,0
2020-3-20,DC,0
2020-3-21,DC,1
2020-3-22,DC,0
2020-3-23,DC,1
2020-3-24,DC,0
2020-3-25,DC,0
2020-3-26,DC,1
2020-3-27,DC,0
2020-3-28,DC,1
2020-3-29,DC,1
2020-3-30,DC,4
2020-3-31,DC,0
2020-4-1,DC,2
2020-4-2,DC,1
2020-4-3,DC,3
2020-4-4,DC,6
2020-4-5,DC,1
2020-4-6,DC,2
2020-4-7,DC,0
2020-4-8,DC,3
2020-4-9,DC,5
2020-4-10,DC,6
2020-4-11,DC,9
2020-4-12,DC,3
2020-4-13,DC,2
2020-4-14,DC,15
2020-4-15,DC,5
2020-4-16,DC,9
2020-4-17,DC,5
2020-4-18,DC,5
2020-4-19,DC,5
2020-4-20,DC,9
2020-4-21,DC,7
2020-4-22,DC,15
2020-4-23,DC,12
2020-4-24,DC,14
2020-4-25,DC,12
2020-4-26,DC,13
2020-4-27,DC,7
2020-4-28,DC,5
2020-4-29,DC,15
2020-4-30,DC,19
2020-5-1,DC,7
2020-5-2,DC,9
2020-5-3,DC,11
2020-5-4,DC,7
2020-5-5,DC,6
2020-5-6,DC,13
2020-5-7,DC,8
2020-5-8,DC,19
2020-5-9,DC,7
2020-5-10,DC,12
2020-1-25,OH,0
2020-1-26,OH,0
2020-1-27,OH,0
2020-1-28,OH,0
2020-1-29,OH,0
2020-1-30,OH,0
2020-1-31,OH,0
2020-2-1,OH,0
2020-2-2,OH,0
2020-2-3,OH,0
2020-2-4,OH,0
2020-2-5,OH,0
2020-2-6,OH,0
2020-2-7,OH,0
2020-2-8,OH,0
2020-2-9,OH,0
2020-2-10,OH,0
2020-2-11,OH,0
2020-2-12,OH,0
2020-2-13,OH,0
2020-2-14,OH,0
2020-2-15,OH,0
2020-2-16,OH,0
2020-2-17,OH,0
2020-2-18,OH,0
2020-2-19,OH,0
2020-2-20,OH,0
2020-2-21,OH,0
2020-2-22,OH,0
2020-2-23,OH,0
2020-2-24,OH,0
2020-2-25,OH,0
2020-2-26,OH,0
2020-2-27,OH,0
2020-2-28,OH,0
2020-2-29,OH,0
2020-3-1,OH,0
2020-3-2,OH,0
2020-3-3,OH,0
2020-3-4,OH,0
2020-3-5,OH,0
2020-3-6,OH,0
2020-3-7,OH,0
2020-3-8,OH,0
2020-3-9,OH,0
2020-3-10,OH,0
2020-3-11,OH,0
2020-3-12,OH,0
2020-3-13,OH,0
2020-3-14,OH,0
2020-3-15,OH,0
2020-3-16,OH,0
2020-3-17,OH,0
2020-3-18,OH,0
2020-3-19,OH,0
2020-3-20,OH,1
2020-3-21,OH,2
2020-3-22,OH,0
2020-3-23,OH,3
2020-3-24,OH,2
2020-3-25,OH,3
2020-3-26,OH,4
2020-3-27,OH,7
2020-3-28,OH,3
2020-3-29,OH,5
2020-3-30,OH,10
2020-3-31,OH,15
2020-4-1,OH,10
2020-4-2,OH,16
2020-4-3,OH,10
2020-4-4,OH,11
2020-4-5,OH,17
2020-4-6,OH,23
2020-4-7,OH,25
2020-4-8,OH,26
2020-4-9,OH,20
2020-4-10,OH,18
2020-4-11,OH,16
2020-4-12,OH,6
2020-4-13,OH,21
2020-4-14,OH,50
2020-4-15,OH,37
2020-4-16,OH,28
2020-4-17,OH,29
2020-4-18,OH,33
2020-4-19,OH,20
2020-4-20,OH,38
2020-4-21,OH,48
2020-4-22,OH,53
2020-4-23,OH,46
2020-4-24,OH,34
2020-4-25,OH,21
2020-4-26,OH,17
2020-4-27,OH,25
2020-4-28,OH,46
2020-4-29,OH,138
2020-4-30,OH,38
2020-5-1,OH,27
2020-5-2,OH,19
2020-5-3,OH,17
2020-5-4,OH,18
2020-5-5,OH,79
2020-5-6,OH,90
2020-5-7,OH,46
2020-5-8,OH,35
2020-5-9,OH,25
2020-5-10,OH,10
2020-1-25,TX,0
2020-1-26,TX,0
2020-1-27,TX,0
2020-1-28,TX,0
2020-1-29,TX,0
2020-1-30,TX,0
2020-1-31,TX,0
2020-2-1,TX,0
2020-2-2,TX,0
2020-2-3,TX,0
2020-2-4,TX,0
2020-2-5,TX,0
2020-2-6,TX,0
2020-2-7,TX,0
2020-2-8,TX,0
2020-2-9,TX,0
2020-2-10,TX,0
2020-2-11,TX,0
2020-2-12,TX,0
2020-2-13,TX,0
2020-2-14,TX,0
2020-2-15,TX,0
2020-2-16,TX,0
2020-2-17,TX,0
2020-2-18,TX,0
2020-2-19,TX,0
2020-2-20,TX,0
2020-2-21,TX,0
2020-2-22,TX,0
2020-2-23,TX,0
2020-2-24,TX,0
2020-2-25,TX,0
2020-2-26,TX,0
2020-2-27,TX,0
2020-2-28,TX,0
2020-2-29,TX,0
2020-3-1,TX,0
2020-3-2,TX,0
2020-3-3,TX,0
2020-3-4,TX,0
2020-3-5,TX,0
2020-3-6,TX,0
2020-3-7,TX,0
2020-3-8,TX,0
2020-3-9,TX,0
2020-3-10,TX,0
2020-3-11,TX,0
2020-3-12,TX,0
2020-3-13,TX,0
2020-3-14,TX,0
2020-3-15,TX,0
2020-3-16,TX,1
2020-3-17,TX,0
2020-3-18,TX,1
2020-3-19,TX,2
2020-3-20,TX,1
2020-3-21,TX,0
2020-3-22,TX,2
2020-3-23,TX,0
2020-3-24,TX,4
2020-3-25,TX,1
2020-3-26,TX,9
2020-3-27,TX,2
2020-3-28,TX,6
2020-3-29,TX,6
2020-3-30,TX,11
2020-3-31,TX,11
2020-4-1,TX,6
2020-4-2,TX,16
2020-4-3,TX,18
2020-4-4,TX,27
2020-4-5,TX,12
2020-4-6,TX,23
2020-4-7,TX,18
2020-4-8,TX,18
2020-4-9,TX,33
2020-4-10,TX,18
2020-4-11,TX,19
2020-4-12,TX,23
2020-4-13,TX,32
2020-4-14,TX,45
2020-4-15,TX,30
2020-4-16,TX,33
2020-4-17,TX,33
2020-4-18,TX,26
2020-4-19,TX,16
2020-4-20,TX,20
2020-4-21,TX,29
2020-4-22,TX,19
2020-4-23,TX,30
2020-4-24,TX,24
2020-4-25,TX,37
2020-4-26,TX,14
2020-4-27,TX,23
2020-4-28,TX,39
2020-4-29,TX,38
2020-4-30,TX,52
2020-5-1,TX,25
2020-5-2,TX,22
2020-5-3,TX,15
2020-5-4,TX,24
2020-5-5,TX,41
2020-5-6,TX,30
2020-5-7,TX,31
2020-5-8,TX,43
2020-5-9,TX,27
2020-5-10,TX,24
2020-1-25,ND,0
2020-1-26,ND,0
2020-1-27,ND,0
2020-1-28,ND,0
2020-1-29,ND,0
2020-1-30,ND,0
2020-1-31,ND,0
2020-2-1,ND,0
2020-2-2,ND,0
2020-2-3,ND,0
2020-2-4,ND,0
2020-2-5,ND,0
2020-2-6,ND,0
2020-2-7,ND,0
2020-2-8,ND,0
2020-2-9,ND,0
2020-2-10,ND,0
2020-2-11,ND,0
2020-2-12,ND,0
2020-2-13,ND,0
2020-2-14,ND,0
2020-2-15,ND,0
2020-2-16,ND,0
2020-2-17,ND,0
2020-2-18,ND,0
2020-2-19,ND,0
2020-2-20,ND,0
2020-2-21,ND,0
2020-2-22,ND,0
2020-2-23,ND,0
2020-2-24,ND,0
2020-2-25,ND,0
2020-2-26,ND,0
2020-2-27,ND,0
2020-2-28,ND,0
2020-2-29,ND,0
2020-3-1,ND,0
2020-3-2,ND,0
2020-3-3,ND,0
2020-3-4,ND,0
2020-3-5,ND,0
2020-3-6,ND,0
2020-3-7,ND,0
2020-3-8,ND,0
2020-3-9,ND,0
2020-3-10,ND,0
2020-3-11,ND,0
2020-3-12,ND,0
2020-3-13,ND,0
2020-3-14,ND,0
2020-3-15,ND,0
2020-3-16,ND,0
2020-3-17,ND,0
2020-3-18,ND,0
2020-3-19,ND,0
2020-3-20,ND,0
2020-3-21,ND,0
2020-3-22,ND,0
2020-3-23,ND,0
2020-3-24,ND,0
2020-3-25,ND,0
2020-3-26,ND,0
2020-3-27,ND,1
2020-3-28,ND,0
2020-3-29,ND,0
2020-3-30,ND,2
2020-3-31,ND,0
2020-4-1,ND,0
2020-4-2,ND,0
2020-4-3,ND,0
2020-4-4,ND,0
2020-4-5,ND,0
2020-4-6,ND,0
2020-4-7,ND,1
2020-4-8,ND,0
2020-4-9,ND,1
2020-4-10,ND,2
2020-4-11,ND,0
2020-4-12,ND,1
2020-4-13,ND,1
2020-4-14,ND,0
2020-4-15,ND,0
2020-4-16,ND,0
2020-4-17,ND,0
2020-4-18,ND,0
2020-4-19,ND,1
2020-4-20,ND,3
2020-4-21,ND,0
2020-4-22,ND,1
2020-4-23,ND,1
2020-4-24,ND,0
2020-4-25,ND,1
2020-4-26,ND,1
2020-4-27,ND,2
2020-4-28,ND,0
2020-4-29,ND,0
2020-4-30,ND,0
2020-5-1,ND,4
2020-5-2,ND,1
2020-5-3,ND,1
2020-5-4,ND,0
2020-5-5,ND,0
2020-5-6,ND,6
2020-5-7,ND,0
2020-5-8,ND,2
2020-5-9,ND,2
2020-5-10,ND,0
2020-1-25,AL,0
2020-1-26,AL,0
2020-1-27,AL,0
2020-1-28,AL,0
2020-1-29,AL,0
2020-1-30,AL,0
2020-1-31,AL,0
2020-2-1,AL,0
2020-2-2,AL,0
2020-2-3,AL,0
2020-2-4,AL,0
2020-2-5,AL,0
2020-2-6,AL,0
2020-2-7,AL,0
2020-2-8,AL,0
2020-2-9,AL,0
2020-2-10,AL,0
2020-2-11,AL,0
2020-2-12,AL,0
2020-2-13,AL,0
2020-2-14,AL,0
2020-2-15,AL,0
2020-2-16,AL,0
2020-2-17,AL,0
2020-2-18,AL,0
2020-2-19,AL,0
2020-2-20,AL,0
2020-2-21,AL,0
2020-2-22,AL,0
2020-2-23,AL,0
2020-2-24,AL,0
2020-2-25,AL,0
2020-2-26,AL,0
2020-2-27,AL,0
2020-2-28,AL,0
2020-2-29,AL,0
2020-3-1,AL,0
2020-3-2,AL,0
2020-3-3,AL,0
2020-3-4,AL,0
2020-3-5,AL,0
2020-3-6,AL,0
2020-3-7,AL,0
2020-3-8,AL,0
2020-3-9,AL,0
2020-3-10,AL,0
2020-3-11,AL,0
2020-3-12,AL,0
2020-3-13,AL,0
2020-3-14,AL,0
2020-3-15,AL,0
2020-3-16,AL,0
2020-3-17,AL,0
2020-3-18,AL,0
2020-3-19,AL,0
2020-3-20,AL,0
2020-3-21,AL,0
2020-3-22,AL,0
2020-3-23,AL,0
2020-3-24,AL,0
2020-3-25,AL,0
2020-3-26,AL,0
2020-3-27,AL,0
2020-3-28,AL,0
2020-3-29,AL,0
2020-3-30,AL,0
2020-3-31,AL,0
2020-4-1,AL,0
2020-4-2,AL,0
2020-4-3,AL,0
2020-4-4,AL,0
2020-4-5,AL,0
2020-4-6,AL,0
2020-4-7,AL,0
2020-4-8,AL,0
2020-4-9,AL,0
2020-4-10,AL,0
2020-4-11,AL,0
2020-4-12,AL,0
2020-4-13,AL,0
2020-4-14,AL,0
2020-4-15,AL,0
2020-4-16,AL,0
2020-4-17,AL,0
2020-4-18,AL,0
2020-4-19,AL,0
2020-4-20,AL,0
2020-4-21,AL,0
2020-4-22,AL,0
2020-4-23,AL,0
2020-4-24,AL,0
2020-4-25,AL,0
2020-4-26,AL,0
2020-4-27,AL,0
2020-4-28,AL,0
2020-4-29,AL,0
2020-4-30,AL,0
2020-5-1,AL,0
2020-5-2,AL,0
2020-5-3,AL,0
2020-5-4,AL,0
2020-5-5,AL,0
2020-5-6,AL,0
2020-5-7,AL,0
2020-5-8,AL,0
2020-5-9,AL,0
2020-5-10,AL,0
2020-1-25,CO,0
2020-1-26,CO,0
2020-1-27,CO,0
2020-1-28,CO,0
2020-1-29,CO,0
2020-1-30,CO,0
2020-1-31,CO,0
2020-2-1,CO,0
2020-2-2,CO,0
2020-2-3,CO,0
2020-2-4,CO,0
2020-2-5,CO,0
2020-2-6,CO,0
2020-2-7,CO,0
2020-2-8,CO,0
2020-2-9,CO,0
2020-2-10,CO,0
2020-2-11,CO,0
2020-2-12,CO,0
2020-2-13,CO,0
2020-2-14,CO,0
2020-2-15,CO,0
2020-2-16,CO,0
2020-2-17,CO,0
2020-2-18,CO,0
2020-2-19,CO,0
2020-2-20,CO,0
2020-2-21,CO,0
2020-2-22,CO,0
2020-2-23,CO,0
2020-2-24,CO,0
2020-2-25,CO,0
2020-2-26,CO,0
2020-2-27,CO,0
2020-2-28,CO,0
2020-2-29,CO,0
2020-3-1,CO,0
2020-3-2,CO,0
2020-3-3,CO,0
2020-3-4,CO,0
2020-3-5,CO,0
2020-3-6,CO,0
2020-3-7,CO,0
2020-3-8,CO,0
2020-3-9,CO,0
2020-3-10,CO,0
2020-3-11,CO,0
2020-3-12,CO,1
2020-3-13,CO,1
2020-3-14,CO,0
2020-3-15,CO,0
2020-3-16,CO,0
2020-3-17,CO,1
2020-3-18,CO,0
2020-3-19,CO,2
2020-3-20,CO,0
2020-3-21,CO,1
2020-3-22,CO,1
2020-3-23,CO,3
2020-3-24,CO,1
2020-3-25,CO,8
2020-3-26,CO,5
2020-3-27,CO,7
2020-3-28,CO,13
2020-3-29,CO,3
2020-3-30,CO,4
2020-3-31,CO,18
2020-4-1,CO,11
2020-4-2,CO,16
2020-4-3,CO,14
2020-4-4,CO,16
2020-4-5,CO,14
2020-4-6,CO,10
2020-4-7,CO,29
2020-4-8,CO,13
2020-4-9,CO,35
2020-4-10,CO,26
2020-4-11,CO,21
2020-4-12,CO,16
2020-4-13,CO,18
2020-4-14,CO,21
2020-4-15,CO,26
2020-4-16,CO,19
2020-4-17,CO,15
2020-4-18,CO,20
2020-4-19,CO,12
2020-4-20,CO,27
2020-4-21,CO,36
2020-4-22,CO,42
2020-4-23,CO,31
2020-4-24,CO,115
2020-4-25,CO,-2
2020-4-26,CO,8
2020-4-27,CO,27
2020-4-28,CO,29
2020-4-29,CO,30
2020-4-30,CO,11
2020-5-1,CO,43
2020-5-2,CO,12
2020-5-3,CO,10
2020-5-4,CO,9
2020-5-5,CO,52
2020-5-6,CO,18
2020-5-7,CO,23
2020-5-8,CO,16
2020-5-9,CO,7
2020-5-10,CO,4
2020-1-25,WY,0
2020-1-26,WY,0
2020-1-27,WY,0
2020-1-28,WY,0
2020-1-29,WY,0
2020-1-30,WY,0
2020-1-31,WY,0
2020-2-1,WY,0
2020-2-2,WY,0
2020-2-3,WY,0
2020-2-4,WY,0
2020-2-5,WY,0
2020-2-6,WY,0
2020-2-7,WY,0
2020-2-8,WY,0
2020-2-9,WY,0
2020-2-10,WY,0
2020-2-11,WY,0
2020-2-12,WY,0
2020-2-13,WY,0
2020-2-14,WY,0
2020-2-15,WY,0
2020-2-16,WY,0
2020-2-17,WY,0
2020-2-18,WY,0
2020-2-19,WY,0
2020-2-20,WY,0
2020-2-21,WY,0
2020-2-22,WY,0
2020-2-23,WY,0
2020-2-24,WY,0
2020-2-25,WY,0
2020-2-26,WY,0
2020-2-27,WY,0
2020-2-28,WY,0
2020-2-29,WY,0
2020-3-1,WY,0
2020-3-2,WY,0
2020-3-3,WY,0
2020-3-4,WY,0
2020-3-5,WY,0
2020-3-6,WY,0
2020-3-7,WY,0
2020-3-8,WY,0
2020-3-9,WY,0
2020-3-10,WY,0
2020-3-11,WY,0
2020-3-12,WY,0
2020-3-13,WY,0
2020-3-14,WY,0
2020-3-15,WY,0
2020-3-16,WY,0
2020-3-17,WY,0
2020-3-18,WY,0
2020-3-19,WY,0
2020-3-20,WY,0
2020-3-21,WY,0
2020-3-22,WY,0
2020-3-23,WY,0
2020-3-24,WY,0
2020-3-25,WY,0
2020-3-26,WY,0
2020-3-27,WY,0
2020-3-28,WY,0
2020-3-29,WY,0
2020-3-30,WY,0
2020-3-31,WY,0
2020-4-1,WY,0
2020-4-2,WY,0
2020-4-3,WY,0
2020-4-4,WY,0
2020-4-5,WY,0
2020-4-6,WY,0
2020-4-7,WY,0
2020-4-8,WY,0
2020-4-9,WY,0
2020-4-10,WY,0
2020-4-11,WY,0
2020-4-12,WY,0
2020-4-13,WY,1
2020-4-14,WY,0
2020-4-15,WY,1
2020-4-16,WY,0
2020-4-17,WY,0
2020-4-18,WY,0
2020-4-19,WY,0
2020-4-20,WY,0
2020-4-21,WY,4
2020-4-22,WY,0
2020-4-23,WY,1
2020-4-24,WY,0
2020-4-25,WY,0
2020-4-26,WY,0
2020-4-27,WY,0
2020-4-28,WY,0
2020-4-29,WY,0
2020-4-30,WY,0
2020-5-1,WY,0
2020-5-2,WY,0
2020-5-3,WY,0
2020-5-4,WY,0
2020-5-5,WY,0
2020-5-6,WY,0
2020-5-7,WY,0
2020-5-8,WY,0
2020-5-9,WY,0
2020-5-10,WY,0
2020-1-25,AK,0
2020-1-26,AK,0
2020-1-27,AK,0
2020-1-28,AK,0
2020-1-29,AK,0
2020-1-30,AK,0
2020-1-31,AK,0
2020-2-1,AK,0
2020-2-2,AK,0
2020-2-3,AK,0
2020-2-4,AK,0
2020-2-5,AK,0
2020-2-6,AK,0
2020-2-7,AK,0
2020-2-8,AK,0
2020-2-9,AK,0
2020-2-10,AK,0
2020-2-11,AK,0
2020-2-12,AK,0
2020-2-13,AK,0
2020-2-14,AK,0
2020-2-15,AK,0
2020-2-16,AK,0
2020-2-17,AK,0
2020-2-18,AK,0
2020-2-19,AK,0
2020-2-20,AK,0
2020-2-21,AK,0
2020-2-22,AK,0
2020-2-23,AK,0
2020-2-24,AK,0
2020-2-25,AK,0
2020-2-26,AK,0
2020-2-27,AK,0
2020-2-28,AK,0
2020-2-29,AK,0
2020-3-1,AK,0
2020-3-2,AK,0
2020-3-3,AK,0
2020-3-4,AK,0
2020-3-5,AK,0
2020-3-6,AK,0
2020-3-7,AK,0
2020-3-8,AK,0
2020-3-9,AK,0
2020-3-10,AK,0
2020-3-11,AK,0
2020-3-12,AK,0
2020-3-13,AK,0
2020-3-14,AK,0
2020-3-15,AK,0
2020-3-16,AK,0
2020-3-17,AK,0
2020-3-18,AK,0
2020-3-19,AK,0
2020-3-20,AK,0
2020-3-21,AK,0
2020-3-22,AK,0
2020-3-23,AK,0
2020-3-24,AK,0
2020-3-25,AK,0
2020-3-26,AK,0
2020-3-27,AK,1
2020-3-28,AK,0
2020-3-29,AK,0
2020-3-30,AK,1
2020-3-31,AK,0
2020-4-1,AK,0
2020-4-2,AK,0
2020-4-3,AK,0
2020-4-4,AK,1
2020-4-5,AK,1
2020-4-6,AK,0
2020-4-7,AK,0
2020-4-8,AK,1
2020-4-9,AK,0
2020-4-10,AK,0
2020-4-11,AK,1
2020-4-12,AK,0
2020-4-13,AK,0
2020-4-14,AK,1
2020-4-15,AK,0
2020-4-16,AK,0
2020-4-17,AK,0
2020-4-18,AK,0
2020-4-19,AK,0
2020-4-20,AK,0
2020-4-21,AK,0
2020-4-22,AK,0
2020-4-23,AK,0
2020-4-24,AK,0
2020-4-25,AK,0
2020-4-26,AK,0
2020-4-27,AK,0
2020-4-28,AK,0
2020-4-29,AK,0
2020-4-30,AK,0
2020-5-1,AK,0
2020-5-2,AK,0
2020-5-3,AK,0
2020-5-4,AK,0
2020-5-5,AK,0
2020-5-6,AK,1
2020-5-7,AK,0
2020-5-8,AK,0
2020-5-9,AK,0
2020-5-10,AK,0
2020-1-25,AZ,0
2020-1-26,AZ,0
2020-1-27,AZ,0
2020-1-28,AZ,0
2020-1-29,AZ,0
2020-1-30,AZ,0
2020-1-31,AZ,0
2020-2-1,AZ,0
2020-2-2,AZ,0
2020-2-3,AZ,0
2020-2-4,AZ,0
2020-2-5,AZ,0
2020-2-6,AZ,0
2020-2-7,AZ,0
2020-2-8,AZ,0
2020-2-9,AZ,0
2020-2-10,AZ,0
2020-2-11,AZ,0
2020-2-12,AZ,0
2020-2-13,AZ,0
2020-2-14,AZ,0
2020-2-15,AZ,0
2020-2-16,AZ,0
2020-2-17,AZ,0
2020-2-18,AZ,0
2020-2-19,AZ,0
2020-2-20,AZ,0
2020-2-21,AZ,0
2020-2-22,AZ,0
2020-2-23,AZ,0
2020-2-24,AZ,0
2020-2-25,AZ,0
2020-2-26,AZ,0
2020-2-27,AZ,0
2020-2-28,AZ,0
2020-2-29,AZ,0
2020-3-1,AZ,0
2020-3-2,AZ,0
2020-3-3,AZ,0
2020-3-4,AZ,0
2020-3-5,AZ,0
2020-3-6,AZ,0
2020-3-7,AZ,0
2020-3-8,AZ,0
2020-3-9,AZ,0
2020-3-10,AZ,0
2020-3-11,AZ,0
2020-3-12,AZ,0
2020-3-13,AZ,0
2020-3-14,AZ,0
2020-3-15,AZ,0
2020-3-16,AZ,0
2020-3-17,AZ,0
2020-3-18,AZ,0
2020-3-19,AZ,0
2020-3-20,AZ,1
2020-3-21,AZ,0
2020-3-22,AZ,1
2020-3-23,AZ,0
2020-3-24,AZ,4
2020-3-25,AZ,0
2020-3-26,AZ,2
2020-3-27,AZ,7
2020-3-28,AZ,0
2020-3-29,AZ,3
2020-3-30,AZ,2
2020-3-31,AZ,4
2020-4-1,AZ,5
2020-4-2,AZ,6
2020-4-3,AZ,6
2020-4-4,AZ,12
2020-4-5,AZ,11
2020-4-6,AZ,3
2020-4-7,AZ,10
2020-4-8,AZ,3
2020-4-9,AZ,9
2020-4-10,AZ,8
2020-4-11,AZ,15
2020-4-12,AZ,5
2020-4-13,AZ,5
2020-4-14,AZ,9
2020-4-15,AZ,11
2020-4-16,AZ,10
2020-4-17,AZ,22
2020-4-18,AZ,7
2020-4-19,AZ,7
2020-4-20,AZ,3
2020-4-21,AZ,22
2020-4-22,AZ,23
2020-4-23,AZ,21
2020-4-24,AZ,11
2020-4-25,AZ,7
2020-4-26,AZ,2
2020-4-27,AZ,0
2020-4-28,AZ,20
2020-4-29,AZ,11
2020-4-30,AZ,12
2020-5-1,AZ,10
2020-5-2,AZ,23
2020-5-3,AZ,9
2020-5-4,AZ,0
2020-5-5,AZ,33
2020-5-6,AZ,31
2020-5-7,AZ,24
2020-5-8,AZ,67
2020-5-9,AZ,15
2020-5-10,AZ,4
2020-1-25,RI,0
2020-1-26,RI,0
2020-1-27,RI,0
2020-1-28,RI,0
2020-1-29,RI,0
2020-1-30,RI,0
2020-1-31,RI,0
2020-2-1,RI,0
2020-2-2,RI,0
2020-2-3,RI,0
2020-2-4,RI,0
2020-2-5,RI,0
2020-2-6,RI,0
2020-2-7,RI,0
2020-2-8,RI,0
2020-2-9,RI,0
2020-2-10,RI,0
2020-2-11,RI,0
2020-2-12,RI,0
2020-2-13,RI,0
2020-2-14,RI,0
2020-2-15,RI,0
2020-2-16,RI,0
2020-2-17,RI,0
2020-2-18,RI,0
2020-2-19,RI,0
2020-2-20,RI,0
2020-2-21,RI,0
2020-2-22,RI,0
2020-2-23,RI,0
2020-2-24,RI,0
2020-2-25,RI,0
2020-2-26,RI,0
2020-2-27,RI,0
2020-2-28,RI,0
2020-2-29,RI,0
2020-3-1,RI,0
2020-3-2,RI,0
2020-3-3,RI,0
2020-3-4,RI,0
2020-3-5,RI,0
2020-3-6,RI,0
2020-3-7,RI,0
2020-3-8,RI,0
2020-3-9,RI,0
2020-3-10,RI,0
2020-3-11,RI,0
2020-3-12,RI,0
2020-3-13,RI,0
2020-3-14,RI,0
2020-3-15,RI,0
2020-3-16,RI,0
2020-3-17,RI,0
2020-3-18,RI,0
2020-3-19,RI,0
2020-3-20,RI,0
2020-3-21,RI,0
2020-3-22,RI,0
2020-3-23,RI,0
2020-3-24,RI,0
2020-3-25,RI,0
2020-3-26,RI,0
2020-3-27,RI,0
2020-3-28,RI,2
2020-3-29,RI,1
2020-3-30,RI,1
2020-3-31,RI,4
2020-4-1,RI,2
2020-4-2,RI,2
2020-4-3,RI,2
2020-4-4,RI,3
2020-4-5,RI,8
2020-4-6,RI,2
2020-4-7,RI,3
2020-4-8,RI,5
2020-4-9,RI,8
2020-4-10,RI,6
2020-4-11,RI,7
2020-4-12,RI,7
2020-4-13,RI,10
2020-4-14,RI,7
2020-4-15,RI,7
2020-4-16,RI,18
2020-4-17,RI,13
2020-4-18,RI,19
2020-4-19,RI,13
2020-4-20,RI,5
2020-4-21,RI,16
2020-4-22,RI,10
2020-4-23,RI,8
2020-4-24,RI,13
2020-4-25,RI,13
2020-4-26,RI,11
2020-4-27,RI,7
2020-4-28,RI,6
2020-4-29,RI,12
2020-4-30,RI,15
2020-5-1,RI,13
2020-5-2,RI,17
2020-5-3,RI,24
2020-5-4,RI,21
2020-5-5,RI,14
2020-5-6,RI,15
2020-5-7,RI,18
2020-5-8,RI,11
2020-5-9,RI,19
2020-5-10,RI,4
2020-1-25,VA,0
2020-1-26,VA,0
2020-1-27,VA,0
2020-1-28,VA,0
2020-1-29,VA,0
2020-1-30,VA,0
2020-1-31,VA,0
2020-2-1,VA,0
2020-2-2,VA,0
2020-2-3,VA,0
2020-2-4,VA,0
2020-2-5,VA,0
2020-2-6,VA,0
2020-2-7,VA,0
2020-2-8,VA,0
2020-2-9,VA,0
2020-2-10,VA,0
2020-2-11,VA,0
2020-2-12,VA,0
2020-2-13,VA,0
2020-2-14,VA,0
2020-2-15,VA,0
2020-2-16,VA,0
2020-2-17,VA,0
2020-2-18,VA,0
2020-2-19,VA,0
2020-2-20,VA,0
2020-2-21,VA,0
2020-2-22,VA,0
2020-2-23,VA,0
2020-2-24,VA,0
2020-2-25,VA,0
2020-2-26,VA,0
2020-2-27,VA,0
2020-2-28,VA,0
2020-2-29,VA,0
2020-3-1,VA,0
2020-3-2,VA,0
2020-3-3,VA,0
2020-3-4,VA,0
2020-3-5,VA,0
2020-3-6,VA,0
2020-3-7,VA,0
2020-3-8,VA,0
2020-3-9,VA,0
2020-3-10,VA,0
2020-3-11,VA,0
2020-3-12,VA,0
2020-3-13,VA,0
2020-3-14,VA,1
2020-3-15,VA,0
2020-3-16,VA,0
2020-3-17,VA,1
2020-3-18,VA,0
2020-3-19,VA,0
2020-3-20,VA,0
2020-3-21,VA,1
2020-3-22,VA,3
2020-3-23,VA,0
2020-3-24,VA,1
2020-3-25,VA,2
2020-3-26,VA,5
2020-3-27,VA,0
2020-3-28,VA,3
2020-3-29,VA,5
2020-3-30,VA,4
2020-3-31,VA,1
2020-4-1,VA,7
2020-4-2,VA,7
2020-4-3,VA,5
2020-4-4,VA,6
2020-4-5,VA,0
2020-4-6,VA,2
2020-4-7,VA,15
2020-4-8,VA,6
2020-4-9,VA,34
2020-4-10,VA,12
2020-4-11,VA,9
2020-4-12,VA,11
2020-4-13,VA,8
2020-4-14,VA,5
2020-4-15,VA,41
2020-4-16,VA,13
2020-4-17,VA,30
2020-4-18,VA,20
2020-4-19,VA,19
2020-4-20,VA,23
2020-4-21,VA,25
2020-4-22,VA,24
2020-4-23,VA,26
2020-4-24,VA,38
2020-4-25,VA,23
2020-4-26,VA,12
2020-4-27,VA,10
2020-4-28,VA,34
2020-4-29,VA,30
2020-4-30,VA,30
2020-5-1,VA,29
2020-5-2,VA,35
2020-5-3,VA,44
2020-5-4,VA,24
2020-5-5,VA,29
2020-5-6,VA,0
2020-5-7,VA,56
2020-5-8,VA,43
2020-5-9,VA,15
2020-5-10,VA,12
2020-1-25,NV,0
2020-1-26,NV,0
2020-1-27,NV,0
2020-1-28,NV,0
2020-1-29,NV,0
2020-1-30,NV,0
2020-1-31,NV,0
2020-2-1,NV,0
2020-2-2,NV,0
2020-2-3,NV,0
2020-2-4,NV,0
2020-2-5,NV,0
2020-2-6,NV,0
2020-2-7,NV,0
2020-2-8,NV,0
2020-2-9,NV,0
2020-2-10,NV,0
2020-2-11,NV,0
2020-2-12,NV,0
2020-2-13,NV,0
2020-2-14,NV,0
2020-2-15,NV,0
2020-2-16,NV,0
2020-2-17,NV,0
2020-2-18,NV,0
2020-2-19,NV,0
2020-2-20,NV,0
2020-2-21,NV,0
2020-2-22,NV,0
2020-2-23,NV,0
2020-2-24,NV,0
2020-2-25,NV,0
2020-2-26,NV,0
2020-2-27,NV,0
2020-2-28,NV,0
2020-2-29,NV,0
2020-3-1,NV,0
2020-3-2,NV,0
2020-3-3,NV,0
2020-3-4,NV,0
2020-3-5,NV,0
2020-3-6,NV,0
2020-3-7,NV,0
2020-3-8,NV,0
2020-3-9,NV,0
2020-3-10,NV,0
2020-3-11,NV,0
2020-3-12,NV,0
2020-3-13,NV,0
2020-3-14,NV,0
2020-3-15,NV,0
2020-3-16,NV,1
2020-3-17,NV,0
2020-3-18,NV,0
2020-3-19,NV,0
2020-3-20,NV,1
2020-3-21,NV,0
2020-3-22,NV,0
2020-3-23,NV,2
2020-3-24,NV,2
2020-3-25,NV,4
2020-3-26,NV,0
2020-3-27,NV,0
2020-3-28,NV,4
2020-3-29,NV,1
2020-3-30,NV,3
2020-3-31,NV,8
2020-4-1,NV,6
2020-4-2,NV,6
2020-4-3,NV,5
2020-4-4,NV,3
2020-4-5,NV,0
2020-4-6,NV,12
2020-4-7,NV,2
2020-4-8,NV,20
2020-4-9,NV,2
2020-4-10,NV,4
2020-4-11,NV,25
2020-4-12,NV,2
2020-4-13,NV,1
2020-4-14,NV,16
2020-4-15,NV,7
2020-4-16,NV,5
2020-4-17,NV,9
2020-4-18,NV,4
2020-4-19,NV,3
2020-4-20,NV,5
2020-4-21,NV,0
2020-4-22,NV,24
2020-4-23,NV,8
2020-4-24,NV,8
2020-4-25,NV,3
2020-4-26,NV,0
2020-4-27,NV,13
2020-4-28,NV,6
2020-4-29,NV,12
2020-4-30,NV,6
2020-5-1,NV,11
2020-5-2,NV,3
2020-5-3,NV,5
2020-5-4,NV,4
2020-5-5,NV,10
2020-5-6,NV,10
2020-5-7,NV,7
2020-5-8,NV,8
2020-5-9,NV,5
2020-5-10,NV,0
2020-1-25,NC,0
2020-1-26,NC,0
2020-1-27,NC,0
2020-1-28,NC,0
2020-1-29,NC,0
2020-1-30,NC,0
2020-1-31,NC,0
2020-2-1,NC,0
2020-2-2,NC,0
2020-2-3,NC,0
2020-2-4,NC,0
2020-2-5,NC,0
2020-2-6,NC,0
2020-2-7,NC,0
2020-2-8,NC,0
2020-2-9,NC,0
2020-2-10,NC,0
2020-2-11,NC,0
2020-2-12,NC,0
2020-2-13,NC,0
2020-2-14,NC,0
2020-2-15,NC,0
2020-2-16,NC,0
2020-2-17,NC,0
2020-2-18,NC,0
2020-2-19,NC,0
2020-2-20,NC,0
2020-2-21,NC,0
2020-2-22,NC,0
2020-2-23,NC,0
2020-2-24,NC,0
2020-2-25,NC,0
2020-2-26,NC,0
2020-2-27,NC,0
2020-2-28,NC,0
2020-2-29,NC,0
2020-3-1,NC,0
2020-3-2,NC,0
2020-3-3,NC,0
2020-3-4,NC,0
2020-3-5,NC,0
2020-3-6,NC,0
2020-3-7,NC,0
2020-3-8,NC,0
2020-3-9,NC,0
2020-3-10,NC,0
2020-3-11,NC,0
2020-3-12,NC,0
2020-3-13,NC,0
2020-3-14,NC,0
2020-3-15,NC,0
2020-3-16,NC,0
2020-3-17,NC,0
2020-3-18,NC,0
2020-3-19,NC,0
2020-3-20,NC,0
2020-3-21,NC,0
2020-3-22,NC,0
2020-3-23,NC,0
2020-3-24,NC,0
2020-3-25,NC,1
2020-3-26,NC,1
2020-3-27,NC,1
2020-3-28,NC,1
2020-3-29,NC,2
2020-3-30,NC,0
2020-3-31,NC,4
2020-4-1,NC,1
2020-4-2,NC,6
2020-4-3,NC,2
2020-4-4,NC,11
2020-4-5,NC,7
2020-4-6,NC,3
2020-4-7,NC,10
2020-4-8,NC,11
2020-4-9,NC,13
2020-4-10,NC,4
2020-4-11,NC,8
2020-4-12,NC,0
2020-4-13,NC,5
2020-4-14,NC,25
2020-4-15,NC,12
2020-4-16,NC,12
2020-4-17,NC,19
2020-4-18,NC,16
2020-4-19,NC,8
2020-4-20,NC,4
2020-4-21,NC,30
2020-4-22,NC,25
2020-4-23,NC,11
2020-4-24,NC,17
2020-4-25,NC,30
2020-4-26,NC,9
2020-4-27,NC,22
2020-4-28,NC,22
2020-4-29,NC,13
2020-4-30,NC,19
2020-5-1,NC,20
2020-5-2,NC,23
2020-5-3,NC,8
2020-5-4,NC,18
2020-5-5,NC,23
2020-5-6,NC,20
2020-5-7,NC,24
2020-5-8,NC,16
2020-5-9,NC,17
2020-5-10,NC,7
2020-1-25,ID,0
2020-1-26,ID,0
2020-1-27,ID,0
2020-1-28,ID,0
2020-1-29,ID,0
2020-1-30,ID,0
2020-1-31,ID,0
2020-2-1,ID,0
2020-2-2,ID,0
2020-2-3,ID,0
2020-2-4,ID,0
2020-2-5,ID,0
2020-2-6,ID,0
2020-2-7,ID,0
2020-2-8,ID,0
2020-2-9,ID,0
2020-2-10,ID,0
2020-2-11,ID,0
2020-2-12,ID,0
2020-2-13,ID,0
2020-2-14,ID,0
2020-2-15,ID,0
2020-2-16,ID,0
2020-2-17,ID,0
2020-2-18,ID,0
2020-2-19,ID,0
2020-2-20,ID,0
2020-2-21,ID,0
2020-2-22,ID,0
2020-2-23,ID,0
2020-2-24,ID,0
2020-2-25,ID,0
2020-2-26,ID,0
2020-2-27,ID,0
2020-2-28,ID,0
2020-2-29,ID,0
2020-3-1,ID,0
2020-3-2,ID,0
2020-3-3,ID,0
2020-3-4,ID,0
2020-3-5,ID,0
2020-3-6,ID,0
2020-3-7,ID,0
2020-3-8,ID,0
2020-3-9,ID,0
2020-3-10,ID,0
2020-3-11,ID,0
2020-3-12,ID,0
2020-3-13,ID,0
2020-3-14,ID,0
2020-3-15,ID,0
2020-3-16,ID,0
2020-3-17,ID,0
2020-3-18,ID,0
2020-3-19,ID,0
2020-3-20,ID,0
2020-3-21,ID,0
2020-3-22,ID,0
2020-3-23,ID,0
2020-3-24,ID,0
2020-3-25,ID,0
2020-3-26,ID,3
2020-3-27,ID,1
2020-3-28,ID,1
2020-3-29,ID,1
2020-3-30,ID,1
2020-3-31,ID,2
2020-4-1,ID,0
2020-4-2,ID,0
2020-4-3,ID,1
2020-4-4,ID,0
2020-4-5,ID,0
2020-4-6,ID,3
2020-4-7,ID,2
2020-4-8,ID,4
2020-4-9,ID,5
2020-4-10,ID,1
2020-4-11,ID,2
2020-4-12,ID,0
2020-4-13,ID,6
2020-4-14,ID,6
2020-4-15,ID,2
2020-4-16,ID,0
2020-4-17,ID,2
2020-4-18,ID,1
2020-4-19,ID,1
2020-4-20,ID,3
2020-4-21,ID,3
2020-4-22,ID,3
2020-4-23,ID,0
2020-4-24,ID,0
2020-4-25,ID,2
2020-4-26,ID,0
2020-4-27,ID,2
2020-4-28,ID,2
2020-4-29,ID,0
2020-4-30,ID,3
2020-5-1,ID,0
2020-5-2,ID,1
2020-5-3,ID,0
2020-5-4,ID,0
2020-5-5,ID,2
2020-5-6,ID,1
2020-5-7,ID,0
2020-5-8,ID,0
2020-5-9,ID,0
2020-5-10,ID,0
