day,state,num_cases
2020-1-25,MS,0
2020-1-26,MS,0
2020-1-27,MS,0
2020-1-28,MS,0
2020-1-29,MS,0
2020-1-30,MS,0
2020-1-31,MS,0
2020-2-1,MS,0
2020-2-2,MS,0
2020-2-3,MS,0
2020-2-4,MS,0
2020-2-5,MS,0
2020-2-6,MS,0
2020-2-7,MS,0
2020-2-8,MS,0
2020-2-9,MS,0
2020-2-10,MS,0
2020-2-11,MS,0
2020-2-12,MS,0
2020-2-13,MS,0
2020-2-14,MS,0
2020-2-15,MS,0
2020-2-16,MS,0
2020-2-17,MS,0
2020-2-18,MS,0
2020-2-19,MS,0
2020-2-20,MS,0
2020-2-21,MS,0
2020-2-22,MS,0
2020-2-23,MS,0
2020-2-24,MS,0
2020-2-25,MS,0
2020-2-26,MS,0
2020-2-27,MS,0
2020-2-28,MS,0
2020-2-29,MS,0
2020-3-1,MS,0
2020-3-2,MS,0
2020-3-3,MS,0
2020-3-4,MS,0
2020-3-5,MS,0
2020-3-6,MS,0
2020-3-7,MS,0
2020-3-8,MS,0
2020-3-9,MS,0
2020-3-10,MS,0
2020-3-11,MS,0
2020-3-12,MS,0
2020-3-13,MS,5
2020-3-14,MS,0
2020-3-15,MS,4
2020-3-16,MS,2
2020-3-17,MS,9
2020-3-18,MS,13
2020-3-19,MS,16
2020-3-20,MS,30
2020-3-21,MS,60
2020-3-22,MS,67
2020-3-23,MS,42
2020-3-24,MS,71
2020-3-25,MS,56
2020-3-26,MS,110
2020-3-27,MS,93
2020-3-28,MS,90
2020-3-29,MS,90
2020-3-30,MS,89
2020-3-31,MS,89
2020-4-1,MS,136
2020-4-2,MS,104
2020-4-3,MS,181
2020-4-4,MS,97
2020-4-5,MS,183
2020-4-6,MS,100
2020-4-7,MS,177
2020-4-8,MS,88
2020-4-9,MS,257
2020-4-10,MS,209
2020-4-11,MS,173
2020-4-12,MS,139
2020-4-13,MS,161
2020-4-14,MS,145
2020-4-15,MS,273
2020-4-16,MS,264
2020-4-17,MS,169
2020-4-18,MS,181
2020-4-19,MS,300
2020-4-20,MS,238
2020-4-21,MS,204
2020-4-22,MS,178
2020-4-23,MS,259
2020-4-24,MS,281
2020-4-25,MS,284
2020-4-26,MS,193
2020-4-27,MS,183
2020-4-28,MS,248
2020-4-29,MS,227
2020-4-30,MS,246
2020-5-1,MS,397
2020-5-2,MS,229
2020-5-3,MS,109
2020-5-4,MS,327
2020-5-5,MS,330
2020-5-6,MS,217
2020-5-7,MS,262
2020-5-8,MS,404
2020-5-9,MS,288
2020-5-10,MS,123
2020-1-25,OK,0
2020-1-26,OK,0
2020-1-27,OK,0
2020-1-28,OK,0
2020-1-29,OK,0
2020-1-30,OK,0
2020-1-31,OK,0
2020-2-1,OK,0
2020-2-2,OK,0
2020-2-3,OK,0
2020-2-4,OK,0
2020-2-5,OK,0
2020-2-6,OK,0
2020-2-7,OK,0
2020-2-8,OK,0
2020-2-9,OK,0
2020-2-10,OK,0
2020-2-11,OK,0
2020-2-12,OK,0
2020-2-13,OK,0
2020-2-14,OK,0
2020-2-15,OK,0
2020-2-16,OK,0
2020-2-17,OK,0
2020-2-18,OK,0
2020-2-19,OK,0
2020-2-20,OK,0
2020-2-21,OK,0
2020-2-22,OK,0
2020-2-23,OK,0
2020-2-24,OK,0
2020-2-25,OK,0
2020-2-26,OK,0
2020-2-27,OK,0
2020-2-28,OK,0
2020-2-29,OK,0
2020-3-1,OK,0
2020-3-2,OK,0
2020-3-3,OK,0
2020-3-4,OK,0
2020-3-5,OK,0
2020-3-6,OK,0
2020-3-7,OK,0
2020-3-8,OK,0
2020-3-9,OK,0
2020-3-10,OK,1
2020-3-11,OK,0
2020-3-12,OK,0
2020-3-13,OK,1
2020-3-14,OK,1
2020-3-15,OK,4
2020-3-16,OK,2
2020-3-17,OK,8
2020-3-18,OK,11
2020-3-19,OK,15
2020-3-20,OK,5
2020-3-21,OK,4
2020-3-22,OK,14
2020-3-23,OK,14
2020-3-24,OK,25
2020-3-25,OK,58
2020-3-26,OK,84
2020-3-27,OK,74
2020-3-28,OK,55
2020-3-29,OK,52
2020-3-30,OK,52
2020-3-31,OK,85
2020-4-1,OK,153
2020-4-2,OK,160
2020-4-3,OK,108
2020-4-4,OK,172
2020-4-5,OK,92
2020-4-6,OK,75
2020-4-7,OK,144
2020-4-8,OK,53
2020-4-9,OK,160
2020-4-10,OK,111
2020-4-11,OK,74
2020-4-12,OK,102
2020-4-13,OK,99
2020-4-14,OK,115
2020-4-15,OK,79
2020-4-16,OK,94
2020-4-17,OK,108
2020-4-18,OK,105
2020-4-19,OK,29
2020-4-20,OK,81
2020-4-21,OK,127
2020-4-22,OK,87
2020-4-23,OK,123
2020-4-24,OK,103
2020-4-25,OK,73
2020-4-26,OK,60
2020-4-27,OK,27
2020-4-28,OK,130
2020-4-29,OK,63
2020-4-30,OK,145
2020-5-1,OK,130
2020-5-2,OK,103
2020-5-3,OK,121
2020-5-4,OK,72
2020-5-5,OK,83
2020-5-6,OK,74
2020-5-7,OK,129
2020-5-8,OK,94
2020-5-9,OK,66
2020-5-10,OK,99
2020-1-25,TN,0
2020-1-26,TN,0
2020-1-27,TN,0
2020-1-28,TN,0
2020-1-29,TN,0
2020-1-30,TN,0
2020-1-31,TN,0
2020-2-1,TN,0
2020-2-2,TN,0
2020-2-3,TN,0
2020-2-4,TN,0
2020-2-5,TN,0
2020-2-6,TN,0
2020-2-7,TN,0
2020-2-8,TN,0
2020-2-9,TN,0
2020-2-10,TN,0
2020-2-11,TN,0
2020-2-12,TN,0
2020-2-13,TN,0
2020-2-14,TN,0
2020-2-15,TN,0
2020-2-16,TN,0
2020-2-17,TN,0
2020-2-18,TN,0
2020-2-19,TN,0
2020-2-20,TN,0
2020-2-21,TN,0
2020-2-22,TN,0
2020-2-23,TN,0
2020-2-24,TN,0
2020-2-25,TN,0
2020-2-26,TN,0
2020-2-27,TN,0
2020-2-28,TN,0
2020-2-29,TN,0
2020-3-1,TN,0
2020-3-2,TN,0
2020-3-3,TN,0
2020-3-4,TN,0
2020-3-5,TN,0
2020-3-6,TN,0
2020-3-7,TN,0
2020-3-8,TN,2
2020-3-9,TN,1
2020-3-10,TN,3
2020-3-11,TN,1
2020-3-12,TN,10
2020-3-13,TN,8
2020-3-14,TN,6
2020-3-15,TN,7
2020-3-16,TN,13
2020-3-17,TN,21
2020-3-18,TN,25
2020-3-19,TN,57
2020-3-20,TN,82
2020-3-21,TN,75
2020-3-22,TN,112
2020-3-23,TN,98
2020-3-24,TN,156
2020-3-25,TN,128
2020-3-26,TN,175
2020-3-27,TN,199
2020-3-28,TN,183
2020-3-29,TN,206
2020-3-30,TN,152
2020-3-31,TN,328
2020-4-1,TN,640
2020-4-2,TN,179
2020-4-3,TN,164
2020-4-4,TN,233
2020-4-5,TN,273
2020-4-6,TN,215
2020-4-7,TN,257
2020-4-8,TN,236
2020-4-9,TN,210
2020-4-10,TN,337
2020-4-11,TN,190
2020-4-12,TN,161
2020-4-13,TN,339
2020-4-14,TN,171
2020-4-15,TN,224
2020-4-16,TN,212
2020-4-17,TN,348
2020-4-18,TN,199
2020-4-19,TN,208
2020-4-20,TN,170
2020-4-21,TN,326
2020-4-22,TN,363
2020-4-23,TN,526
2020-4-24,TN,449
2020-4-25,TN,298
2020-4-26,TN,516
2020-4-27,TN,303
2020-4-28,TN,235
2020-4-29,TN,281
2020-4-30,TN,250
2020-5-1,TN,1291
2020-5-2,TN,592
2020-5-3,TN,489
2020-5-4,TN,409
2020-5-5,TN,272
2020-5-6,TN,181
2020-5-7,TN,370
2020-5-8,TN,110
2020-5-9,TN,399
2020-5-10,TN,385
2020-1-25,OR,0
2020-1-26,OR,0
2020-1-27,OR,0
2020-1-28,OR,0
2020-1-29,OR,0
2020-1-30,OR,0
2020-1-31,OR,0
2020-2-1,OR,0
2020-2-2,OR,0
2020-2-3,OR,0
2020-2-4,OR,0
2020-2-5,OR,0
2020-2-6,OR,0
2020-2-7,OR,0
2020-2-8,OR,0
2020-2-9,OR,0
2020-2-10,OR,0
2020-2-11,OR,0
2020-2-12,OR,0
2020-2-13,OR,0
2020-2-14,OR,0
2020-2-15,OR,0
2020-2-16,OR,0
2020-2-17,OR,0
2020-2-18,OR,0
2020-2-19,OR,0
2020-2-20,OR,0
2020-2-21,OR,0
2020-2-22,OR,0
2020-2-23,OR,0
2020-2-24,OR,0
2020-2-25,OR,0
2020-2-26,OR,0
2020-2-27,OR,0
2020-2-28,OR,0
2020-2-29,OR,0
2020-3-1,OR,1
2020-3-2,OR,0
2020-3-3,OR,0
2020-3-4,OR,0
2020-3-5,OR,0
2020-3-6,OR,0
2020-3-7,OR,4
2020-3-8,OR,7
2020-3-9,OR,0
2020-3-10,OR,1
2020-3-11,OR,6
2020-3-12,OR,10
2020-3-13,OR,0
2020-3-14,OR,6
2020-3-15,OR,3
2020-3-16,OR,7
2020-3-17,OR,20
2020-3-18,OR,8
2020-3-19,OR,13
2020-3-20,OR,27
2020-3-21,OR,23
2020-3-22,OR,24
2020-3-23,OR,30
2020-3-24,OR,18
2020-3-25,OR,57
2020-3-26,OR,50
2020-3-27,OR,98
2020-3-28,OR,65
2020-3-29,OR,69
2020-3-30,OR,58
2020-3-31,OR,84
2020-4-1,OR,46
2020-4-2,OR,90
2020-4-3,OR,73
2020-4-4,OR,100
2020-4-5,OR,69
2020-4-6,OR,64
2020-4-7,OR,49
2020-4-8,OR,58
2020-4-9,OR,82
2020-4-10,OR,50
2020-4-11,OR,76
2020-4-12,OR,80
2020-4-13,OR,57
2020-4-14,OR,49
2020-4-15,OR,30
2020-4-16,OR,73
2020-4-17,OR,49
2020-4-18,OR,59
2020-4-19,OR,66
2020-4-20,OR,46
2020-4-21,OR,46
2020-4-22,OR,57
2020-4-23,OR,68
2020-4-24,OR,50
2020-4-25,OR,76
2020-4-26,OR,58
2020-4-27,OR,43
2020-4-28,OR,31
2020-4-29,OR,61
2020-4-30,OR,64
2020-5-1,OR,69
2020-5-2,OR,56
2020-5-3,OR,45
2020-5-4,OR,79
2020-5-5,OR,80
2020-5-6,OR,77
2020-5-7,OR,73
2020-5-8,OR,79
2020-5-9,OR,92
2020-5-10,OR,68
2020-1-25,DE,0
2020-1-26,DE,0
2020-1-27,DE,0
2020-1-28,DE,0
2020-1-29,DE,0
2020-1-30,DE,0
2020-1-31,DE,0
2020-2-1,DE,0
2020-2-2,DE,0
2020-2-3,DE,0
2020-2-4,DE,0
2020-2-5,DE,0
2020-2-6,DE,0
2020-2-7,DE,0
2020-2-8,DE,0
2020-2-9,DE,0
2020-2-10,DE,0
2020-2-11,DE,0
2020-2-12,DE,0
2020-2-13,DE,0
2020-2-14,DE,0
2020-2-15,DE,0
2020-2-16,DE,0
2020-2-17,DE,0
2020-2-18,DE,0
2020-2-19,DE,0
2020-2-20,DE,0
2020-2-21,DE,0
2020-2-22,DE,0
2020-2-23,DE,0
2020-2-24,DE,0
2020-2-25,DE,0
2020-2-26,DE,0
2020-2-27,DE,0
2020-2-28,DE,0
2020-2-29,DE,0
2020-3-1,DE,0
2020-3-2,DE,0
2020-3-3,DE,0
2020-3-4,DE,0
2020-3-5,DE,0
2020-3-6,DE,0
2020-3-7,DE,0
2020-3-8,DE,0
2020-3-9,DE,0
2020-3-10,DE,0
2020-3-11,DE,0
2020-3-12,DE,3
2020-3-13,DE,0
2020-3-14,DE,0
2020-3-15,DE,3
2020-3-16,DE,1
2020-3-17,DE,8
2020-3-18,DE,10
2020-3-19,DE,4
2020-3-20,DE,9
2020-3-21,DE,6
2020-3-22,DE,11
2020-3-23,DE,31
2020-3-24,DE,17
2020-3-25,DE,15
2020-3-26,DE,24
2020-3-27,DE,22
2020-3-28,DE,49
2020-3-29,DE,18
2020-3-30,DE,32
2020-3-31,DE,55
2020-4-1,DE,49
2020-4-2,DE,25
2020-4-3,DE,57
2020-4-4,DE,143
2020-4-5,DE,80
2020-4-6,DE,110
2020-4-7,DE,145
2020-4-8,DE,188
2020-4-9,DE,93
2020-4-10,DE,117
2020-4-11,DE,153
2020-4-12,DE,146
2020-4-13,DE,136
2020-4-14,DE,165
2020-4-15,DE,88
2020-4-16,DE,61
2020-4-17,DE,248
2020-4-18,DE,215
2020-4-19,DE,0
2020-4-20,DE,207
2020-4-21,DE,186
2020-4-22,DE,269
2020-4-23,DE,108
2020-4-24,DE,134
2020-4-25,DE,134
2020-4-26,DE,458
2020-4-27,DE,128
2020-4-28,DE,413
2020-4-29,DE,80
2020-4-30,DE,79
2020-5-1,DE,184
2020-5-2,DE,120
2020-5-3,DE,170
2020-5-4,DE,80
2020-5-5,DE,83
2020-5-6,DE,407
2020-5-7,DE,161
2020-5-8,DE,172
2020-5-9,DE,166
2020-5-10,DE,170
2020-1-25,NY,0
2020-1-26,NY,0
2020-1-27,NY,0
2020-1-28,NY,0
2020-1-29,NY,0
2020-1-30,NY,0
2020-1-31,NY,0
2020-2-1,NY,0
2020-2-2,NY,0
2020-2-3,NY,0
2020-2-4,NY,0
2020-2-5,NY,0
2020-2-6,NY,0
2020-2-7,NY,0
2020-2-8,NY,0
2020-2-9,NY,0
2020-2-10,NY,0
2020-2-11,NY,0
2020-2-12,NY,0
2020-2-13,NY,0
2020-2-14,NY,0
2020-2-15,NY,0
2020-2-16,NY,0
2020-2-17,NY,0
2020-2-18,NY,0
2020-2-19,NY,0
2020-2-20,NY,0
2020-2-21,NY,0
2020-2-22,NY,0
2020-2-23,NY,0
2020-2-24,NY,0
2020-2-25,NY,0
2020-2-26,NY,0
2020-2-27,NY,0
2020-2-28,NY,0
2020-2-29,NY,0
2020-3-1,NY,0
2020-3-2,NY,0
2020-3-3,NY,1
2020-3-4,NY,9
2020-3-5,NY,11
2020-3-6,NY,22
2020-3-7,NY,45
2020-3-8,NY,17
2020-3-9,NY,36
2020-3-10,NY,31
2020-3-11,NY,44
2020-3-12,NY,109
2020-3-13,NY,95
2020-3-14,NY,189
2020-3-15,NY,122
2020-3-16,NY,218
2020-3-17,NY,425
2020-3-18,NY,1012
2020-3-19,NY,1774
2020-3-20,NY,2952
2020-3-21,NY,3258
2020-3-22,NY,4817
2020-3-23,NY,5711
2020-3-24,NY,4804
2020-3-25,NY,7413
2020-3-26,NY,5941
2020-3-27,NY,5688
2020-3-28,NY,8771
2020-3-29,NY,6267
2020-3-30,NY,7679
2020-3-31,NY,8749
2020-4-1,NY,8152
2020-4-2,NY,8608
2020-4-3,NY,10680
2020-4-4,NY,12312
2020-4-5,NY,8122
2020-4-6,NY,7976
2020-4-7,NY,9642
2020-4-8,NY,9568
2020-4-9,NY,10765
2020-4-10,NY,10794
2020-4-11,NY,10160
2020-4-12,NY,8435
2020-4-13,NY,6548
2020-4-14,NY,7402
2020-4-15,NY,11755
2020-4-16,NY,8631
2020-4-17,NY,7532
2020-4-18,NY,7249
2020-4-19,NY,6199
2020-4-20,NY,4867
2020-4-21,NY,4324
2020-4-22,NY,5659
2020-4-23,NY,6341
2020-4-24,NY,8286
2020-4-25,NY,10683
2020-4-26,NY,6013
2020-4-27,NY,4077
2020-4-28,NY,3285
2020-4-29,NY,4718
2020-4-30,NY,4702
2020-5-1,NY,3879
2020-5-2,NY,4559
2020-5-3,NY,3699
2020-5-4,NY,2524
2020-5-5,NY,2302
2020-5-6,NY,2746
2020-5-7,NY,3526
2020-5-8,NY,2873
2020-5-9,NY,2715
2020-5-10,NY,2138
2020-1-25,FL,0
2020-1-26,FL,0
2020-1-27,FL,0
2020-1-28,FL,0
2020-1-29,FL,0
2020-1-30,FL,0
2020-1-31,FL,0
2020-2-1,FL,0
2020-2-2,FL,0
2020-2-3,FL,0
2020-2-4,FL,0
2020-2-5,FL,0
2020-2-6,FL,0
2020-2-7,FL,0
2020-2-8,FL,0
2020-2-9,FL,0
2020-2-10,FL,0
2020-2-11,FL,0
2020-2-12,FL,0
2020-2-13,FL,0
2020-2-14,FL,0
2020-2-15,FL,0
2020-2-16,FL,0
2020-2-17,FL,0
2020-2-18,FL,0
2020-2-19,FL,0
2020-2-20,FL,0
2020-2-21,FL,0
2020-2-22,FL,0
2020-2-23,FL,0
2020-2-24,FL,0
2020-2-25,FL,0
2020-2-26,FL,0
2020-2-27,FL,0
2020-2-28,FL,0
2020-2-29,FL,0
2020-3-1,FL,0
2020-3-2,FL,0
2020-3-3,FL,1
2020-3-4,FL,0
2020-3-5,FL,1
2020-3-6,FL,3
2020-3-7,FL,5
2020-3-8,FL,1
2020-3-9,FL,1
2020-3-10,FL,9
2020-3-11,FL,3
2020-3-12,FL,20
2020-3-13,FL,24
2020-3-14,FL,0
2020-3-15,FL,39
2020-3-16,FL,32
2020-3-17,FL,69
2020-3-18,FL,116
2020-3-19,FL,108
2020-3-20,FL,130
2020-3-21,FL,200
2020-3-22,FL,236
2020-3-23,FL,222
2020-3-24,FL,245
2020-3-25,FL,498
2020-3-26,FL,512
2020-3-27,FL,721
2020-3-28,FL,840
2020-3-29,FL,904
2020-3-30,FL,752
2020-3-31,FL,1047
2020-4-1,FL,1024
2020-4-2,FL,1235
2020-4-3,FL,1260
2020-4-4,FL,1277
2020-4-5,FL,805
2020-4-6,FL,1279
2020-4-7,FL,1118
2020-4-8,FL,951
2020-4-9,FL,1129
2020-4-10,FL,1141
2020-4-11,FL,1018
2020-4-12,FL,877
2020-4-13,FL,1156
2020-4-14,FL,609
2020-4-15,FL,906
2020-4-16,FL,806
2020-4-17,FL,1413
2020-4-18,FL,739
2020-4-19,FL,822
2020-4-20,FL,744
2020-4-21,FL,811
2020-4-22,FL,440
2020-4-23,FL,1339
2020-4-24,FL,885
2020-4-25,FL,306
2020-4-26,FL,689
2020-4-27,FL,610
2020-4-28,FL,708
2020-4-29,FL,347
2020-4-30,FL,498
2020-5-1,FL,1037
2020-5-2,FL,735
2020-5-3,FL,615
2020-5-4,FL,819
2020-5-5,FL,542
2020-5-6,FL,563
2020-5-7,FL,826
2020-5-8,FL,371
2020-5-9,FL,802
2020-5-10,FL,595
2020-1-25,CA,0
2020-1-26,CA,0
2020-1-27,CA,0
2020-1-28,CA,0
2020-1-29,CA,0
2020-1-30,CA,0
2020-1-31,CA,1
2020-2-1,CA,0
2020-2-2,CA,3
2020-2-3,CA,0
2020-2-4,CA,0
2020-2-5,CA,0
2020-2-6,CA,0
2020-2-7,CA,0
2020-2-8,CA,0
2020-2-9,CA,0
2020-2-10,CA,1
2020-2-11,CA,0
2020-2-12,CA,0
2020-2-13,CA,0
2020-2-14,CA,0
2020-2-15,CA,0
2020-2-16,CA,0
2020-2-17,CA,0
2020-2-18,CA,0
2020-2-19,CA,0
2020-2-20,CA,1
2020-2-21,CA,1
2020-2-22,CA,0
2020-2-23,CA,0
2020-2-24,CA,2
2020-2-25,CA,0
2020-2-26,CA,15
2020-2-27,CA,0
2020-2-28,CA,1
2020-2-29,CA,1
2020-3-1,CA,5
2020-3-2,CA,5
2020-3-3,CA,7
2020-3-4,CA,10
2020-3-5,CA,12
2020-3-6,CA,14
2020-3-7,CA,19
2020-3-8,CA,12
2020-3-9,CA,60
2020-3-10,CA,7
2020-3-11,CA,23
2020-3-12,CA,50
2020-3-13,CA,68
2020-3-14,CA,61
2020-3-15,CA,97
2020-3-16,CA,110
2020-3-17,CA,144
2020-3-18,CA,161
2020-3-19,CA,174
2020-3-20,CA,216
2020-3-21,CA,261
2020-3-22,CA,307
2020-3-23,CA,389
2020-3-24,CA,404
2020-3-25,CA,539
2020-3-26,CA,877
2020-3-27,CA,854
2020-3-28,CA,651
2020-3-29,CA,701
2020-3-30,CA,1155
2020-3-31,CA,1161
2020-4-1,CA,1234
2020-4-2,CA,1374
2020-4-3,CA,1379
2020-4-4,CA,1227
2020-4-5,CA,1280
2020-4-6,CA,1208
2020-4-7,CA,1256
2020-4-8,CA,1503
2020-4-9,CA,1148
2020-4-10,CA,1175
2020-4-11,CA,1055
2020-4-12,CA,902
2020-4-13,CA,1011
2020-4-14,CA,1424
2020-4-15,CA,1349
2020-4-16,CA,1035
2020-4-17,CA,1256
2020-4-18,CA,1431
2020-4-19,CA,715
2020-4-20,CA,2318
2020-4-21,CA,1982
2020-4-22,CA,1729
2020-4-23,CA,1961
2020-4-24,CA,1834
2020-4-25,CA,1222
2020-4-26,CA,1101
2020-4-27,CA,1517
2020-4-28,CA,1362
2020-4-29,CA,2334
2020-4-30,CA,1566
2020-5-1,CA,1848
2020-5-2,CA,1435
2020-5-3,CA,1319
2020-5-4,CA,1261
2020-5-5,CA,2515
2020-5-6,CA,1939
2020-5-7,CA,1694
2020-5-8,CA,2135
2020-5-9,CA,2208
2020-5-10,CA,1227
2020-1-25,GA,0
2020-1-26,GA,0
2020-1-27,GA,0
2020-1-28,GA,0
2020-1-29,GA,0
2020-1-30,GA,0
2020-1-31,GA,0
2020-2-1,GA,0
2020-2-2,GA,0
2020-2-3,GA,0
2020-2-4,GA,0
2020-2-5,GA,0
2020-2-6,GA,0
2020-2-7,GA,0
2020-2-8,GA,0
2020-2-9,GA,0
2020-2-10,GA,0
2020-2-11,GA,0
2020-2-12,GA,0
2020-2-13,GA,0
2020-2-14,GA,0
2020-2-15,GA,0
2020-2-16,GA,0
2020-2-17,GA,0
2020-2-18,GA,0
2020-2-19,GA,0
2020-2-20,GA,0
2020-2-21,GA,0
2020-2-22,GA,0
2020-2-23,GA,0
2020-2-24,GA,0
2020-2-25,GA,0
2020-2-26,GA,0
2020-2-27,GA,0
2020-2-28,GA,0
2020-2-29,GA,0
2020-3-1,GA,0
2020-3-2,GA,0
2020-3-3,GA,0
2020-3-4,GA,0
2020-3-5,GA,0
2020-3-6,GA,1
2020-3-7,GA,4
2020-3-8,GA,4
2020-3-9,GA,6
2020-3-10,GA,5
2020-3-11,GA,9
2020-3-12,GA,0
2020-3-13,GA,10
2020-3-14,GA,24
2020-3-15,GA,32
2020-3-16,GA,21
2020-3-17,GA,24
2020-3-18,GA,51
2020-3-19,GA,89
2020-3-20,GA,200
2020-3-21,GA,70
2020-3-22,GA,68
2020-3-23,GA,180
2020-3-24,GA,295
2020-3-25,GA,290
2020-3-26,GA,256
2020-3-27,GA,557
2020-3-28,GA,249
2020-3-29,GA,236
2020-3-30,GA,349
2020-3-31,GA,1084
2020-4-1,GA,631
2020-4-2,GA,697
2020-4-3,GA,523
2020-4-4,GA,416
2020-4-5,GA,359
2020-4-6,GA,816
2020-4-7,GA,1598
2020-4-8,GA,1048
2020-4-9,GA,681
2020-4-10,GA,974
2020-4-11,GA,402
2020-4-12,GA,-158
2020-4-13,GA,1022
2020-4-14,GA,788
2020-4-15,GA,670
2020-4-16,GA,1061
2020-4-17,GA,1014
2020-4-18,GA,356
2020-4-19,GA,605
2020-4-20,GA,828
2020-4-21,GA,742
2020-4-22,GA,910
2020-4-23,GA,806
2020-4-24,GA,670
2020-4-25,GA,650
2020-4-26,GA,234
2020-4-27,GA,770
2020-4-28,GA,378
2020-4-29,GA,693
2020-4-30,GA,1131
2020-5-1,GA,1005
2020-5-2,GA,832
2020-5-3,GA,350
2020-5-4,GA,732
2020-5-5,GA,526
2020-5-6,GA,848
2020-5-7,GA,800
2020-5-8,GA,565
2020-5-9,GA,392
2020-5-10,GA,786
2020-1-25,CT,0
2020-1-26,CT,0
2020-1-27,CT,0
2020-1-28,CT,0
2020-1-29,CT,0
2020-1-30,CT,0
2020-1-31,CT,0
2020-2-1,CT,0
2020-2-2,CT,0
2020-2-3,CT,0
2020-2-4,CT,0
2020-2-5,CT,0
2020-2-6,CT,0
2020-2-7,CT,0
2020-2-8,CT,0
2020-2-9,CT,0
2020-2-10,CT,0
2020-2-11,CT,0
2020-2-12,CT,0
2020-2-13,CT,0
2020-2-14,CT,0
2020-2-15,CT,0
2020-2-16,CT,0
2020-2-17,CT,0
2020-2-18,CT,0
2020-2-19,CT,0
2020-2-20,CT,0
2020-2-21,CT,0
2020-2-22,CT,0
2020-2-23,CT,0
2020-2-24,CT,0
2020-2-25,CT,0
2020-2-26,CT,0
2020-2-27,CT,0
2020-2-28,CT,0
2020-2-29,CT,0
2020-3-1,CT,0
2020-3-2,CT,0
2020-3-3,CT,0
2020-3-4,CT,0
2020-3-5,CT,0
2020-3-6,CT,0
2020-3-7,CT,0
2020-3-8,CT,0
2020-3-9,CT,1
2020-3-10,CT,0
2020-3-11,CT,1
2020-3-12,CT,3
2020-3-13,CT,5
2020-3-14,CT,9
2020-3-15,CT,6
2020-3-16,CT,15
2020-3-17,CT,27
2020-3-18,CT,28
2020-3-19,CT,63
2020-3-20,CT,35
2020-3-21,CT,29
2020-3-22,CT,104
2020-3-23,CT,88
2020-3-24,CT,203
2020-3-25,CT,257
2020-3-26,CT,137
2020-3-27,CT,279
2020-3-28,CT,233
2020-3-29,CT,469
2020-3-30,CT,578
2020-3-31,CT,557
2020-4-1,CT,429
2020-4-2,CT,267
2020-4-3,CT,1091
2020-4-4,CT,361
2020-4-5,CT,399
2020-4-6,CT,1231
2020-4-7,CT,875
2020-4-8,CT,1000
2020-4-9,CT,1003
2020-4-10,CT,754
2020-4-11,CT,972
2020-4-12,CT,525
2020-4-13,CT,1346
2020-4-14,CT,608
2020-4-15,CT,766
2020-4-16,CT,1129
2020-4-17,CT,925
2020-4-18,CT,741
2020-4-19,CT,412
2020-4-20,CT,1853
2020-4-21,CT,545
2020-4-22,CT,2109
2020-4-23,CT,631
2020-4-24,CT,821
2020-4-25,CT,661
2020-4-26,CT,687
2020-4-27,CT,728
2020-4-28,CT,315
2020-4-29,CT,455
2020-4-30,CT,933
2020-5-1,CT,1064
2020-5-2,CT,523
2020-5-3,CT,0
2020-5-4,CT,686
2020-5-5,CT,648
2020-5-6,CT,374
2020-5-7,CT,789
2020-5-8,CT,627
2020-5-9,CT,573
2020-5-10,CT,570
2020-1-25,NM,0
2020-1-26,NM,0
2020-1-27,NM,0
2020-1-28,NM,0
2020-1-29,NM,0
2020-1-30,NM,0
2020-1-31,NM,0
2020-2-1,NM,0
2020-2-2,NM,0
2020-2-3,NM,0
2020-2-4,NM,0
2020-2-5,NM,0
2020-2-6,NM,0
2020-2-7,NM,0
2020-2-8,NM,0
2020-2-9,NM,0
2020-2-10,NM,0
2020-2-11,NM,0
2020-2-12,NM,0
2020-2-13,NM,0
2020-2-14,NM,0
2020-2-15,NM,0
2020-2-16,NM,0
2020-2-17,NM,0
2020-2-18,NM,0
2020-2-19,NM,0
2020-2-20,NM,0
2020-2-21,NM,0
2020-2-22,NM,0
2020-2-23,NM,0
2020-2-24,NM,0
2020-2-25,NM,0
2020-2-26,NM,0
2020-2-27,NM,0
2020-2-28,NM,0
2020-2-29,NM,0
2020-3-1,NM,0
2020-3-2,NM,0
2020-3-3,NM,0
2020-3-4,NM,0
2020-3-5,NM,0
2020-3-6,NM,0
2020-3-7,NM,0
2020-3-8,NM,0
2020-3-9,NM,0
2020-3-10,NM,0
2020-3-11,NM,0
2020-3-12,NM,2
2020-3-13,NM,4
2020-3-14,NM,3
2020-3-15,NM,4
2020-3-16,NM,4
2020-3-17,NM,2
2020-3-18,NM,5
2020-3-19,NM,7
2020-3-20,NM,8
2020-3-21,NM,14
2020-3-22,NM,8
2020-3-23,NM,18
2020-3-24,NM,17
2020-3-25,NM,12
2020-3-26,NM,24
2020-3-27,NM,55
2020-3-28,NM,17
2020-3-29,NM,29
2020-3-30,NM,44
2020-3-31,NM,34
2020-4-1,NM,48
2020-4-2,NM,40
2020-4-3,NM,92
2020-4-4,NM,48
2020-4-5,NM,81
2020-4-6,NM,62
2020-4-7,NM,108
2020-4-8,NM,71
2020-4-9,NM,124
2020-4-10,NM,101
2020-4-11,NM,84
2020-4-12,NM,71
2020-4-13,NM,100
2020-4-14,NM,62
2020-4-15,NM,77
2020-4-16,NM,113
2020-4-17,NM,114
2020-4-18,NM,87
2020-4-19,NM,47
2020-4-20,NM,126
2020-4-21,NM,101
2020-4-22,NM,138
2020-4-23,NM,169
2020-4-24,NM,145
2020-4-25,NM,138
2020-4-26,NM,66
2020-4-27,NM,97
2020-4-28,NM,150
2020-4-29,NM,238
2020-4-30,NM,198
2020-5-1,NM,102
2020-5-2,NM,219
2020-5-3,NM,118
2020-5-4,NM,180
2020-5-5,NM,107
2020-5-6,NM,153
2020-5-7,NM,202
2020-5-8,NM,181
2020-5-9,NM,105
2020-5-10,NM,85
2020-1-25,AR,0
2020-1-26,AR,0
2020-1-27,AR,0
2020-1-28,AR,0
2020-1-29,AR,0
2020-1-30,AR,0
2020-1-31,AR,0
2020-2-1,AR,0
2020-2-2,AR,0
2020-2-3,AR,0
2020-2-4,AR,0
2020-2-5,AR,0
2020-2-6,AR,0
2020-2-7,AR,0
2020-2-8,AR,0
2020-2-9,AR,0
2020-2-10,AR,0
2020-2-11,AR,0
2020-2-12,AR,0
2020-2-13,AR,0
2020-2-14,AR,0
2020-2-15,AR,0
2020-2-16,AR,0
2020-2-17,AR,0
2020-2-18,AR,0
2020-2-19,AR,0
2020-2-20,AR,0
2020-2-21,AR,0
2020-2-22,AR,0
2020-2-23,AR,0
2020-2-24,AR,0
2020-2-25,AR,0
2020-2-26,AR,0
2020-2-27,AR,0
2020-2-28,AR,0
2020-2-29,AR,0
2020-3-1,AR,0
2020-3-2,AR,0
2020-3-3,AR,0
2020-3-4,AR,0
2020-3-5,AR,0
2020-3-6,AR,0
2020-3-7,AR,0
2020-3-8,AR,0
2020-3-9,AR,0
2020-3-10,AR,0
2020-3-11,AR,0
2020-3-12,AR,5
2020-3-13,AR,1
2020-3-14,AR,2
2020-3-15,AR,7
2020-3-16,AR,6
2020-3-17,AR,0
2020-3-18,AR,11
2020-3-19,AR,29
2020-3-20,AR,38
2020-3-21,AR,18
2020-3-22,AR,47
2020-3-23,AR,36
2020-3-24,AR,30
2020-3-25,AR,76
2020-3-26,AR,43
2020-3-27,AR,35
2020-3-28,AR,24
2020-3-29,AR,40
2020-3-30,AR,59
2020-3-31,AR,56
2020-4-1,AR,60
2020-4-2,AR,59
2020-4-3,AR,55
2020-4-4,AR,5
2020-4-5,AR,110
2020-4-6,AR,74
2020-4-7,AR,70
2020-4-8,AR,80
2020-4-9,AR,69
2020-4-10,AR,56
2020-4-11,AR,26
2020-4-12,AR,52
2020-4-13,AR,195
2020-4-14,AR,23
2020-4-15,AR,101
2020-4-16,AR,21
2020-4-17,AR,75
2020-4-18,AR,82
2020-4-19,AR,4
2020-4-20,AR,190
2020-4-21,AR,291
2020-4-22,AR,130
2020-4-23,AR,207
2020-4-24,AR,211
2020-4-25,AR,99
2020-4-26,AR,92
2020-4-27,AR,68
2020-4-28,AR,58
2020-4-29,AR,80
2020-4-30,AR,74
2020-5-1,AR,29
2020-5-2,AR,62
2020-5-3,AR,59
2020-5-4,AR,38
2020-5-5,AR,56
2020-5-6,AR,86
2020-5-7,AR,83
2020-5-8,AR,53
2020-5-9,AR,0
2020-5-10,AR,265
2020-1-25,MT,0
2020-1-26,MT,0
2020-1-27,MT,0
2020-1-28,MT,0
2020-1-29,MT,0
2020-1-30,MT,0
2020-1-31,MT,0
2020-2-1,MT,0
2020-2-2,MT,0
2020-2-3,MT,0
2020-2-4,MT,0
2020-2-5,MT,0
2020-2-6,MT,0
2020-2-7,MT,0
2020-2-8,MT,0
2020-2-9,MT,0
2020-2-10,MT,0
2020-2-11,MT,0
2020-2-12,MT,0
2020-2-13,MT,0
2020-2-14,MT,0
2020-2-15,MT,0
2020-2-16,MT,0
2020-2-17,MT,0
2020-2-18,MT,0
2020-2-19,MT,0
2020-2-20,MT,0
2020-2-21,MT,0
2020-2-22,MT,0
2020-2-23,MT,0
2020-2-24,MT,0
2020-2-25,MT,0
2020-2-26,MT,0
2020-2-27,MT,0
2020-2-28,MT,0
2020-2-29,MT,0
2020-3-1,MT,0
2020-3-2,MT,0
2020-3-3,MT,0
2020-3-4,MT,0
2020-3-5,MT,0
2020-3-6,MT,0
2020-3-7,MT,0
2020-3-8,MT,0
2020-3-9,MT,0
2020-3-10,MT,0
2020-3-11,MT,0
2020-3-12,MT,0
2020-3-13,MT,0
2020-3-14,MT,2
2020-3-15,MT,0
2020-3-16,MT,2
2020-3-17,MT,0
2020-3-18,MT,4
2020-3-19,MT,7
2020-3-20,MT,0
2020-3-21,MT,10
2020-3-22,MT,5
2020-3-23,MT,11
2020-3-24,MT,6
2020-3-25,MT,14
2020-3-26,MT,25
2020-3-27,MT,31
2020-3-28,MT,26
2020-3-29,MT,14
2020-3-30,MT,16
2020-3-31,MT,21
2020-4-1,MT,19
2020-4-2,MT,24
2020-4-3,MT,21
2020-4-4,MT,19
2020-4-5,MT,17
2020-4-6,MT,21
2020-4-7,MT,0
2020-4-8,MT,13
2020-4-9,MT,22
2020-4-10,MT,11
2020-4-11,MT,12
2020-4-12,MT,10
2020-4-13,MT,7
2020-4-14,MT,5
2020-4-15,MT,5
2020-4-16,MT,11
2020-4-17,MT,7
2020-4-18,MT,4
2020-4-19,MT,7
2020-4-20,MT,0
2020-4-21,MT,4
2020-4-22,MT,2
2020-4-23,MT,3
2020-4-24,MT,2
2020-4-25,MT,1
2020-4-26,MT,3
2020-4-27,MT,1
2020-4-28,MT,2
2020-4-29,MT,0
2020-4-30,MT,1
2020-5-1,MT,0
2020-5-2,MT,2
2020-5-3,MT,0
2020-5-4,MT,2
2020-5-5,MT,0
2020-5-6,MT,0
2020-5-7,MT,0
2020-5-8,MT,2
2020-5-9,MT,0
2020-5-10,MT,0
2020-1-25,WV,0
2020-1-26,WV,0
2020-1-27,WV,0
2020-1-28,WV,0
2020-1-29,WV,0
2020-1-30,WV,0
2020-1-31,WV,0
2020-2-1,WV,0
2020-2-2,WV,0
2020-2-3,WV,0
2020-2-4,WV,0
2020-2-5,WV,0
2020-2-6,WV,0
2020-2-7,WV,0
2020-2-8,WV,0
2020-2-9,WV,0
2020-2-10,WV,0
2020-2-11,WV,0
2020-2-12,WV,0
2020-2-13,WV,0
2020-2-14,WV,0
2020-2-15,WV,0
2020-2-16,WV,0
2020-2-17,WV,0
2020-2-18,WV,0
2020-2-19,WV,0
2020-2-20,WV,0
2020-2-21,WV,0
2020-2-22,WV,0
2020-2-23,WV,0
2020-2-24,WV,0
2020-2-25,WV,0
2020-2-26,WV,0
2020-2-27,WV,0
2020-2-28,WV,0
2020-2-29,WV,0
2020-3-1,WV,0
2020-3-2,WV,0
2020-3-3,WV,0
2020-3-4,WV,0
2020-3-5,WV,0
2020-3-6,WV,0
2020-3-7,WV,0
2020-3-8,WV,0
2020-3-9,WV,0
2020-3-10,WV,0
2020-3-11,WV,0
2020-3-12,WV,0
2020-3-13,WV,0
2020-3-14,WV,0
2020-3-15,WV,0
2020-3-16,WV,0
2020-3-17,WV,0
2020-3-18,WV,1
2020-3-19,WV,3
2020-3-20,WV,3
2020-3-21,WV,4
2020-3-22,WV,4
2020-3-23,WV,0
2020-3-24,WV,23
2020-3-25,WV,12
2020-3-26,WV,25
2020-3-27,WV,20
2020-3-28,WV,17
2020-3-29,WV,11
2020-3-30,WV,21
2020-3-31,WV,17
2020-4-1,WV,29
2020-4-2,WV,26
2020-4-3,WV,25
2020-4-4,WV,40
2020-4-5,WV,42
2020-4-6,WV,21
2020-4-7,WV,67
2020-4-8,WV,71
2020-4-9,WV,41
2020-4-10,WV,13
2020-4-11,WV,56
2020-4-12,WV,22
2020-4-13,WV,23
2020-4-14,WV,59
2020-4-15,WV,28
2020-4-16,WV,14
2020-4-17,WV,37
2020-4-18,WV,49
2020-4-19,WV,65
2020-4-20,WV,18
2020-4-21,WV,21
2020-4-22,WV,10
2020-4-23,WV,42
2020-4-24,WV,29
2020-4-25,WV,15
2020-4-26,WV,28
2020-4-27,WV,24
2020-4-28,WV,18
2020-4-29,WV,14
2020-4-30,WV,16
2020-5-1,WV,26
2020-5-2,WV,33
2020-5-3,WV,11
2020-5-4,WV,29
2020-5-5,WV,18
2020-5-6,WV,34
2020-5-7,WV,21
2020-5-8,WV,26
2020-5-9,WV,24
2020-5-10,WV,15
2020-1-25,UT,0
2020-1-26,UT,0
2020-1-27,UT,0
2020-1-28,UT,0
2020-1-29,UT,0
2020-1-30,UT,0
2020-1-31,UT,0
2020-2-1,UT,0
2020-2-2,UT,0
2020-2-3,UT,0
2020-2-4,UT,0
2020-2-5,UT,0
2020-2-6,UT,0
2020-2-7,UT,0
2020-2-8,UT,0
2020-2-9,UT,0
2020-2-10,UT,0
2020-2-11,UT,0
2020-2-12,UT,0
2020-2-13,UT,0
2020-2-14,UT,0
2020-2-15,UT,0
2020-2-16,UT,0
2020-2-17,UT,0
2020-2-18,UT,0
2020-2-19,UT,0
2020-2-20,UT,0
2020-2-21,UT,0
2020-2-22,UT,0
2020-2-23,UT,0
2020-2-24,UT,0
2020-2-25,UT,0
2020-2-26,UT,0
2020-2-27,UT,0
2020-2-28,UT,0
2020-2-29,UT,0
2020-3-1,UT,0
2020-3-2,UT,0
2020-3-3,UT,0
2020-3-4,UT,0
2020-3-5,UT,0
2020-3-6,UT,2
2020-3-7,UT,0
2020-3-8,UT,0
2020-3-9,UT,0
2020-3-10,UT,1
2020-3-11,UT,1
2020-3-12,UT,2
2020-3-13,UT,0
2020-3-14,UT,14
2020-3-15,UT,8
2020-3-16,UT,11
2020-3-17,UT,11
2020-3-18,UT,14
2020-3-19,UT,15
2020-3-20,UT,32
2020-3-21,UT,26
2020-3-22,UT,44
2020-3-23,UT,75
2020-3-24,UT,41
2020-3-25,UT,48
2020-3-26,UT,56
2020-3-27,UT,78
2020-3-28,UT,128
2020-3-29,UT,111
2020-3-30,UT,87
2020-3-31,UT,81
2020-4-1,UT,125
2020-4-2,UT,65
2020-4-3,UT,171
2020-4-4,UT,178
2020-4-5,UT,192
2020-4-6,UT,44
2020-4-7,UT,75
2020-4-8,UT,123
2020-4-9,UT,120
2020-4-10,UT,123
2020-4-11,UT,105
2020-4-12,UT,97
2020-4-13,UT,63
2020-4-14,UT,52
2020-4-15,UT,129
2020-4-16,UT,138
2020-4-17,UT,126
2020-4-18,UT,129
2020-4-19,UT,129
2020-4-20,UT,142
2020-4-21,UT,88
2020-4-22,UT,150
2020-4-23,UT,170
2020-4-24,UT,161
2020-4-25,UT,168
2020-4-26,UT,173
2020-4-27,UT,113
2020-4-28,UT,107
2020-4-29,UT,156
2020-4-30,UT,173
2020-5-1,UT,157
2020-5-2,UT,152
2020-5-3,UT,194
2020-5-4,UT,151
2020-5-5,UT,123
2020-5-6,UT,156
2020-5-7,UT,119
2020-5-8,UT,195
2020-5-9,UT,184
2020-5-10,UT,148
2020-1-25,IA,0
2020-1-26,IA,0
2020-1-27,IA,0
2020-1-28,IA,0
2020-1-29,IA,0
2020-1-30,IA,0
2020-1-31,IA,0
2020-2-1,IA,0
2020-2-2,IA,0
2020-2-3,IA,0
2020-2-4,IA,0
2020-2-5,IA,0
2020-2-6,IA,0
2020-2-7,IA,0
2020-2-8,IA,0
2020-2-9,IA,0
2020-2-10,IA,0
2020-2-11,IA,0
2020-2-12,IA,0
2020-2-13,IA,0
2020-2-14,IA,0
2020-2-15,IA,0
2020-2-16,IA,0
2020-2-17,IA,0
2020-2-18,IA,0
2020-2-19,IA,0
2020-2-20,IA,0
2020-2-21,IA,0
2020-2-22,IA,0
2020-2-23,IA,0
2020-2-24,IA,0
2020-2-25,IA,0
2020-2-26,IA,0
2020-2-27,IA,0
2020-2-28,IA,0
2020-2-29,IA,0
2020-3-1,IA,0
2020-3-2,IA,0
2020-3-3,IA,0
2020-3-4,IA,0
2020-3-5,IA,0
2020-3-6,IA,0
2020-3-7,IA,0
2020-3-8,IA,0
2020-3-9,IA,5
2020-3-10,IA,5
2020-3-11,IA,1
2020-3-12,IA,2
2020-3-13,IA,1
2020-3-14,IA,1
2020-3-15,IA,4
2020-3-16,IA,0
2020-3-17,IA,7
2020-3-18,IA,9
2020-3-19,IA,6
2020-3-20,IA,1
2020-3-21,IA,23
2020-3-22,IA,22
2020-3-23,IA,15
2020-3-24,IA,19
2020-3-25,IA,21
2020-3-26,IA,34
2020-3-27,IA,56
2020-3-28,IA,63
2020-3-29,IA,38
2020-3-30,IA,88
2020-3-31,IA,74
2020-4-1,IA,51
2020-4-2,IA,65
2020-4-3,IA,85
2020-4-4,IA,87
2020-4-5,IA,82
2020-4-6,IA,78
2020-4-7,IA,102
2020-4-8,IA,97
2020-4-9,IA,125
2020-4-10,IA,118
2020-4-11,IA,122
2020-4-12,IA,77
2020-4-13,IA,123
2020-4-14,IA,189
2020-4-15,IA,96
2020-4-16,IA,146
2020-4-17,IA,191
2020-4-18,IA,181
2020-4-19,IA,402
2020-4-20,IA,260
2020-4-21,IA,466
2020-4-22,IA,123
2020-4-23,IA,175
2020-4-24,IA,520
2020-4-25,IA,650
2020-4-26,IA,381
2020-4-27,IA,378
2020-4-28,IA,508
2020-4-29,IA,467
2020-4-30,IA,302
2020-5-1,IA,738
2020-5-2,IA,758
2020-5-3,IA,528
2020-5-4,IA,534
2020-5-5,IA,408
2020-5-6,IA,293
2020-5-7,IA,655
2020-5-8,IA,398
2020-5-9,IA,214
2020-5-10,IA,288
2020-1-25,MO,0
2020-1-26,MO,0
2020-1-27,MO,0
2020-1-28,MO,0
2020-1-29,MO,0
2020-1-30,MO,0
2020-1-31,MO,0
2020-2-1,MO,0
2020-2-2,MO,0
2020-2-3,MO,0
2020-2-4,MO,0
2020-2-5,MO,0
2020-2-6,MO,0
2020-2-7,MO,0
2020-2-8,MO,0
2020-2-9,MO,0
2020-2-10,MO,0
2020-2-11,MO,0
2020-2-12,MO,0
2020-2-13,MO,0
2020-2-14,MO,0
2020-2-15,MO,0
2020-2-16,MO,0
2020-2-17,MO,0
2020-2-18,MO,0
2020-2-19,MO,0
2020-2-20,MO,0
2020-2-21,MO,0
2020-2-22,MO,0
2020-2-23,MO,0
2020-2-24,MO,0
2020-2-25,MO,0
2020-2-26,MO,0
2020-2-27,MO,0
2020-2-28,MO,0
2020-2-29,MO,0
2020-3-1,MO,0
2020-3-2,MO,0
2020-3-3,MO,0
2020-3-4,MO,0
2020-3-5,MO,0
2020-3-6,MO,0
2020-3-7,MO,0
2020-3-8,MO,0
2020-3-9,MO,0
2020-3-10,MO,0
2020-3-11,MO,0
2020-3-12,MO,1
2020-3-13,MO,2
2020-3-14,MO,1
2020-3-15,MO,0
2020-3-16,MO,4
2020-3-17,MO,7
2020-3-18,MO,5
2020-3-19,MO,14
2020-3-20,MO,38
2020-3-21,MO,20
2020-3-22,MO,37
2020-3-23,MO,53
2020-3-24,MO,72
2020-3-25,MO,122
2020-3-26,MO,130
2020-3-27,MO,163
2020-3-28,MO,167
2020-3-29,MO,65
2020-3-30,MO,147
2020-3-31,MO,301
2020-4-1,MO,230
2020-4-2,MO,254
2020-4-3,MO,279
2020-4-4,MO,178
2020-4-5,MO,76
2020-4-6,MO,355
2020-4-7,MO,315
2020-4-8,MO,290
2020-4-9,MO,212
2020-4-10,MO,260
2020-4-11,MO,225
2020-4-12,MO,136
2020-4-13,MO,228
2020-4-14,MO,298
2020-4-15,MO,209
2020-4-16,MO,216
2020-4-17,MO,172
2020-4-18,MO,234
2020-4-19,MO,150
2020-4-20,MO,140
2020-4-21,MO,134
2020-4-22,MO,196
2020-4-23,MO,184
2020-4-24,MO,304
2020-4-25,MO,201
2020-4-26,MO,171
2020-4-27,MO,174
2020-4-28,MO,135
2020-4-29,MO,120
2020-4-30,MO,137
2020-5-1,MO,277
2020-5-2,MO,314
2020-5-3,MO,300
2020-5-4,MO,322
2020-5-5,MO,143
2020-5-6,MO,245
2020-5-7,MO,245
2020-5-8,MO,164
2020-5-9,MO,164
2020-5-10,MO,169
2020-1-25,WA,1
2020-1-26,WA,0
2020-1-27,WA,0
2020-1-28,WA,0
2020-1-29,WA,0
2020-1-30,WA,0
2020-1-31,WA,0
2020-2-1,WA,0
2020-2-2,WA,0
2020-2-3,WA,0
2020-2-4,WA,0
2020-2-5,WA,0
2020-2-6,WA,0
2020-2-7,WA,0
2020-2-8,WA,0
2020-2-9,WA,0
2020-2-10,WA,0
2020-2-11,WA,0
2020-2-12,WA,0
2020-2-13,WA,0
2020-2-14,WA,0
2020-2-15,WA,0
2020-2-16,WA,0
2020-2-17,WA,0
2020-2-18,WA,0
2020-2-19,WA,0
2020-2-20,WA,0
2020-2-21,WA,0
2020-2-22,WA,0
2020-2-23,WA,0
2020-2-24,WA,4
2020-2-25,WA,0
2020-2-26,WA,0
2020-2-27,WA,0
2020-2-28,WA,2
2020-2-29,WA,3
2020-3-1,WA,7
2020-3-2,WA,6
2020-3-3,WA,9
2020-3-4,WA,15
2020-3-5,WA,28
2020-3-6,WA,11
2020-3-7,WA,24
2020-3-8,WA,31
2020-3-9,WA,38
2020-3-10,WA,100
2020-3-11,WA,59
2020-3-12,WA,81
2020-3-13,WA,92
2020-3-14,WA,98
2020-3-15,WA,66
2020-3-16,WA,119
2020-3-17,WA,114
2020-3-18,WA,118
2020-3-19,WA,202
2020-3-20,WA,176
2020-3-21,WA,251
2020-3-22,WA,189
2020-3-23,WA,257
2020-3-24,WA,368
2020-3-25,WA,116
2020-3-26,WA,623
2020-3-27,WA,562
2020-3-28,WA,541
2020-3-29,WA,585
2020-3-30,WA,283
2020-3-31,WA,113
2020-4-1,WA,296
2020-4-2,WA,997
2020-4-3,WA,381
2020-4-4,WA,532
2020-4-5,WA,486
2020-4-6,WA,400
2020-4-7,WA,298
2020-4-8,WA,415
2020-4-9,WA,511
2020-4-10,WA,279
2020-4-11,WA,337
2020-4-12,WA,187
2020-4-13,WA,127
2020-4-14,WA,156
2020-4-15,WA,89
2020-4-16,WA,369
2020-4-17,WA,293
2020-4-18,WA,357
2020-4-19,WA,3
2020-4-20,WA,386
2020-4-21,WA,154
2020-4-22,WA,194
2020-4-23,WA,367
2020-4-24,WA,214
2020-4-25,WA,364
2020-4-26,WA,179
2020-4-27,WA,201
2020-4-28,WA,195
2020-4-29,WA,319
2020-4-30,WA,318
2020-5-1,WA,314
2020-5-2,WA,243
2020-5-3,WA,556
2020-5-4,WA,96
2020-5-5,WA,176
2020-5-6,WA,632
2020-5-7,WA,621
2020-5-8,WA,203
2020-5-9,WA,226
2020-5-10,WA,146
2020-1-25,LA,0
2020-1-26,LA,0
2020-1-27,LA,0
2020-1-28,LA,0
2020-1-29,LA,0
2020-1-30,LA,0
2020-1-31,LA,0
2020-2-1,LA,0
2020-2-2,LA,0
2020-2-3,LA,0
2020-2-4,LA,0
2020-2-5,LA,0
2020-2-6,LA,0
2020-2-7,LA,0
2020-2-8,LA,0
2020-2-9,LA,0
2020-2-10,LA,0
2020-2-11,LA,0
2020-2-12,LA,0
2020-2-13,LA,0
2020-2-14,LA,0
2020-2-15,LA,0
2020-2-16,LA,0
2020-2-17,LA,0
2020-2-18,LA,0
2020-2-19,LA,0
2020-2-20,LA,0
2020-2-21,LA,0
2020-2-22,LA,0
2020-2-23,LA,0
2020-2-24,LA,0
2020-2-25,LA,0
2020-2-26,LA,0
2020-2-27,LA,0
2020-2-28,LA,0
2020-2-29,LA,0
2020-3-1,LA,0
2020-3-2,LA,0
2020-3-3,LA,0
2020-3-4,LA,0
2020-3-5,LA,0
2020-3-6,LA,0
2020-3-7,LA,0
2020-3-8,LA,0
2020-3-9,LA,0
2020-3-10,LA,5
2020-3-11,LA,7
2020-3-12,LA,1
2020-3-13,LA,22
2020-3-14,LA,41
2020-3-15,LA,26
2020-3-16,LA,34
2020-3-17,LA,59
2020-3-18,LA,84
2020-3-19,LA,112
2020-3-20,LA,145
2020-3-21,LA,226
2020-3-22,LA,74
2020-3-23,LA,335
2020-3-24,LA,216
2020-3-25,LA,407
2020-3-26,LA,510
2020-3-27,LA,441
2020-3-28,LA,569
2020-3-29,LA,224
2020-3-30,LA,485
2020-3-31,LA,1213
2020-4-1,LA,1187
2020-4-2,LA,2728
2020-4-3,LA,1147
2020-4-4,LA,2201
2020-4-5,LA,514
2020-4-6,LA,1853
2020-4-7,LA,1417
2020-4-8,LA,746
2020-4-9,LA,1253
2020-4-10,LA,970
2020-4-11,LA,761
2020-4-12,LA,581
2020-4-13,LA,421
2020-4-14,LA,502
2020-4-15,LA,433
2020-4-16,LA,581
2020-4-17,LA,586
2020-4-18,LA,462
2020-4-19,LA,348
2020-4-20,LA,595
2020-4-21,LA,331
2020-4-22,LA,404
2020-4-23,LA,481
2020-4-24,LA,401
2020-4-25,LA,372
2020-4-26,LA,261
2020-4-27,LA,295
2020-4-28,LA,218
2020-4-29,LA,374
2020-4-30,LA,341
2020-5-1,LA,710
2020-5-2,LA,429
2020-5-3,LA,200
2020-5-4,LA,333
2020-5-5,LA,323
2020-5-6,LA,403
2020-5-7,LA,253
2020-5-8,LA,203
2020-5-9,LA,562
2020-5-10,LA,183
2020-1-25,NH,0
2020-1-26,NH,0
2020-1-27,NH,0
2020-1-28,NH,0
2020-1-29,NH,0
2020-1-30,NH,0
2020-1-31,NH,0
2020-2-1,NH,0
2020-2-2,NH,0
2020-2-3,NH,0
2020-2-4,NH,0
2020-2-5,NH,0
2020-2-6,NH,0
2020-2-7,NH,0
2020-2-8,NH,0
2020-2-9,NH,0
2020-2-10,NH,0
2020-2-11,NH,0
2020-2-12,NH,0
2020-2-13,NH,0
2020-2-14,NH,0
2020-2-15,NH,0
2020-2-16,NH,0
2020-2-17,NH,0
2020-2-18,NH,0
2020-2-19,NH,0
2020-2-20,NH,0
2020-2-21,NH,0
2020-2-22,NH,0
2020-2-23,NH,0
2020-2-24,NH,0
2020-2-25,NH,0
2020-2-26,NH,0
2020-2-27,NH,0
2020-2-28,NH,0
2020-2-29,NH,0
2020-3-1,NH,0
2020-3-2,NH,0
2020-3-3,NH,1
2020-3-4,NH,0
2020-3-5,NH,0
2020-3-6,NH,0
2020-3-7,NH,2
2020-3-8,NH,0
2020-3-9,NH,0
2020-3-10,NH,1
2020-3-11,NH,0
2020-3-12,NH,1
2020-3-13,NH,1
2020-3-14,NH,0
2020-3-15,NH,6
2020-3-16,NH,4
2020-3-17,NH,9
2020-3-18,NH,13
2020-3-19,NH,5
2020-3-20,NH,11
2020-3-21,NH,10
2020-3-22,NH,13
2020-3-23,NH,23
2020-3-24,NH,7
2020-3-25,NH,29
2020-3-26,NH,21
2020-3-27,NH,29
2020-3-28,NH,27
2020-3-29,NH,44
2020-3-30,NH,56
2020-3-31,NH,53
2020-4-1,NH,48
2020-4-2,NH,64
2020-4-3,NH,61
2020-4-4,NH,81
2020-4-5,NH,48
2020-4-6,NH,46
2020-4-7,NH,32
2020-4-8,NH,41
2020-4-9,NH,31
2020-4-10,NH,66
2020-4-11,NH,44
2020-4-12,NH,56
2020-4-13,NH,35
2020-4-14,NH,71
2020-4-15,NH,48
2020-4-16,NH,72
2020-4-17,NH,76
2020-4-18,NH,55
2020-4-19,NH,50
2020-4-20,NH,55
2020-4-21,NH,44
2020-4-22,NH,97
2020-4-23,NH,82
2020-4-24,NH,50
2020-4-25,NH,73
2020-4-26,NH,71
2020-4-27,NH,74
2020-4-28,NH,72
2020-4-29,NH,44
2020-4-30,NH,92
2020-5-1,NH,164
2020-5-2,NH,119
2020-5-3,NH,89
2020-5-4,NH,70
2020-5-5,NH,48
2020-5-6,NH,105
2020-5-7,NH,102
2020-5-8,NH,104
2020-5-9,NH,64
2020-5-10,NH,60
2020-1-25,SC,0
2020-1-26,SC,0
2020-1-27,SC,0
2020-1-28,SC,0
2020-1-29,SC,0
2020-1-30,SC,0
2020-1-31,SC,0
2020-2-1,SC,0
2020-2-2,SC,0
2020-2-3,SC,0
2020-2-4,SC,0
2020-2-5,SC,0
2020-2-6,SC,0
2020-2-7,SC,0
2020-2-8,SC,0
2020-2-9,SC,0
2020-2-10,SC,0
2020-2-11,SC,0
2020-2-12,SC,0
2020-2-13,SC,0
2020-2-14,SC,0
2020-2-15,SC,0
2020-2-16,SC,0
2020-2-17,SC,0
2020-2-18,SC,0
2020-2-19,SC,0
2020-2-20,SC,0
2020-2-21,SC,0
2020-2-22,SC,0
2020-2-23,SC,0
2020-2-24,SC,0
2020-2-25,SC,0
2020-2-26,SC,0
2020-2-27,SC,0
2020-2-28,SC,0
2020-2-29,SC,0
2020-3-1,SC,0
2020-3-2,SC,0
2020-3-3,SC,0
2020-3-4,SC,0
2020-3-5,SC,0
2020-3-6,SC,0
2020-3-7,SC,0
2020-3-8,SC,4
2020-3-9,SC,1
2020-3-10,SC,2
2020-3-11,SC,1
2020-3-12,SC,2
2020-3-13,SC,1
2020-3-14,SC,6
2020-3-15,SC,9
2020-3-16,SC,5
2020-3-17,SC,14
2020-3-18,SC,13
2020-3-19,SC,21
2020-3-20,SC,45
2020-3-21,SC,46
2020-3-22,SC,22
2020-3-23,SC,105
2020-3-24,SC,43
2020-3-25,SC,82
2020-3-26,SC,32
2020-3-27,SC,83
2020-3-28,SC,121
2020-3-29,SC,114
2020-3-30,SC,151
2020-3-31,SC,158
2020-4-1,SC,210
2020-4-2,SC,261
2020-4-3,SC,146
2020-4-4,SC,217
2020-4-5,SC,132
2020-4-6,SC,183
2020-4-7,SC,185
2020-4-8,SC,135
2020-4-9,SC,240
2020-4-10,SC,273
2020-4-11,SC,142
2020-4-12,SC,112
2020-4-13,SC,120
2020-4-14,SC,114
2020-4-15,SC,103
2020-4-16,SC,275
2020-4-17,SC,155
2020-4-18,SC,160
2020-4-19,SC,131
2020-4-20,SC,62
2020-4-21,SC,169
2020-4-22,SC,153
2020-4-23,SC,156
2020-4-24,SC,153
2020-4-25,SC,183
2020-4-26,SC,237
2020-4-27,SC,123
2020-4-28,SC,122
2020-4-29,SC,146
2020-4-30,SC,214
2020-5-1,SC,163
2020-5-2,SC,231
2020-5-3,SC,137
2020-5-4,SC,131
2020-5-5,SC,84
2020-5-6,SC,95
2020-5-7,SC,206
2020-5-8,SC,225
2020-5-9,SC,164
2020-5-10,SC,122
2020-1-25,ME,0
2020-1-26,ME,0
2020-1-27,ME,0
2020-1-28,ME,0
2020-1-29,ME,0
2020-1-30,ME,0
2020-1-31,ME,0
2020-2-1,ME,0
2020-2-2,ME,0
2020-2-3,ME,0
2020-2-4,ME,0
2020-2-5,ME,0
2020-2-6,ME,0
2020-2-7,ME,0
2020-2-8,ME,0
2020-2-9,ME,0
2020-2-10,ME,0
2020-2-11,ME,0
2020-2-12,ME,0
2020-2-13,ME,0
2020-2-14,ME,0
2020-2-15,ME,0
2020-2-16,ME,0
2020-2-17,ME,0
2020-2-18,ME,0
2020-2-19,ME,0
2020-2-20,ME,0
2020-2-21,ME,0
2020-2-22,ME,0
2020-2-23,ME,0
2020-2-24,ME,0
2020-2-25,ME,0
2020-2-26,ME,0
2020-2-27,ME,0
2020-2-28,ME,0
2020-2-29,ME,0
2020-3-1,ME,0
2020-3-2,ME,0
2020-3-3,ME,0
2020-3-4,ME,0
2020-3-5,ME,0
2020-3-6,ME,0
2020-3-7,ME,0
2020-3-8,ME,0
2020-3-9,ME,0
2020-3-10,ME,0
2020-3-11,ME,0
2020-3-12,ME,0
2020-3-13,ME,1
2020-3-14,ME,1
2020-3-15,ME,9
2020-3-16,ME,5
2020-3-17,ME,15
2020-3-18,ME,11
2020-3-19,ME,9
2020-3-20,ME,5
2020-3-21,ME,13
2020-3-22,ME,19
2020-3-23,ME,18
2020-3-24,ME,11
2020-3-25,ME,24
2020-3-26,ME,13
2020-3-27,ME,13
2020-3-28,ME,43
2020-3-29,ME,42
2020-3-30,ME,22
2020-3-31,ME,28
2020-4-1,ME,41
2020-4-2,ME,32
2020-4-3,ME,56
2020-4-4,ME,24
2020-4-5,ME,14
2020-4-6,ME,29
2020-4-7,ME,20
2020-4-8,ME,18
2020-4-9,ME,23
2020-4-10,ME,26
2020-4-11,ME,30
2020-4-12,ME,17
2020-4-13,ME,65
2020-4-14,ME,36
2020-4-15,ME,36
2020-4-16,ME,26
2020-4-17,ME,31
2020-4-18,ME,20
2020-4-19,ME,20
2020-4-20,ME,8
2020-4-21,ME,13
2020-4-22,ME,19
2020-4-23,ME,30
2020-4-24,ME,28
2020-4-25,ME,25
2020-4-26,ME,25
2020-4-27,ME,8
2020-4-28,ME,17
2020-4-29,ME,16
2020-4-30,ME,39
2020-5-1,ME,28
2020-5-2,ME,29
2020-5-3,ME,33
2020-5-4,ME,20
2020-5-5,ME,21
2020-5-6,ME,28
2020-5-7,ME,76
2020-5-8,ME,44
2020-5-9,ME,34
2020-5-10,ME,28
2020-1-25,MN,0
2020-1-26,MN,0
2020-1-27,MN,0
2020-1-28,MN,0
2020-1-29,MN,0
2020-1-30,MN,0
2020-1-31,MN,0
2020-2-1,MN,0
2020-2-2,MN,0
2020-2-3,MN,0
2020-2-4,MN,0
2020-2-5,MN,0
2020-2-6,MN,0
2020-2-7,MN,0
2020-2-8,MN,0
2020-2-9,MN,0
2020-2-10,MN,0
2020-2-11,MN,0
2020-2-12,MN,0
2020-2-13,MN,0
2020-2-14,MN,0
2020-2-15,MN,0
2020-2-16,MN,0
2020-2-17,MN,0
2020-2-18,MN,0
2020-2-19,MN,0
2020-2-20,MN,0
2020-2-21,MN,0
2020-2-22,MN,0
2020-2-23,MN,0
2020-2-24,MN,0
2020-2-25,MN,0
2020-2-26,MN,0
2020-2-27,MN,0
2020-2-28,MN,0
2020-2-29,MN,0
2020-3-1,MN,0
2020-3-2,MN,0
2020-3-3,MN,0
2020-3-4,MN,0
2020-3-5,MN,0
2020-3-6,MN,0
2020-3-7,MN,0
2020-3-8,MN,1
2020-3-9,MN,0
2020-3-10,MN,1
2020-3-11,MN,2
2020-3-12,MN,4
2020-3-13,MN,5
2020-3-14,MN,7
2020-3-15,MN,14
2020-3-16,MN,19
2020-3-17,MN,6
2020-3-18,MN,17
2020-3-19,MN,12
2020-3-20,MN,26
2020-3-21,MN,23
2020-3-22,MN,33
2020-3-23,MN,64
2020-3-24,MN,27
2020-3-25,MN,25
2020-3-26,MN,59
2020-3-27,MN,52
2020-3-28,MN,42
2020-3-29,MN,64
2020-3-30,MN,72
2020-3-31,MN,53
2020-4-1,MN,60
2020-4-2,MN,53
2020-4-3,MN,47
2020-4-4,MN,76
2020-4-5,MN,70
2020-4-6,MN,51
2020-4-7,MN,83
2020-4-8,MN,85
2020-4-9,MN,88
2020-4-10,MN,93
2020-4-11,MN,92
2020-4-12,MN,194
2020-4-13,MN,29
2020-4-14,MN,45
2020-4-15,MN,114
2020-4-16,MN,103
2020-4-17,MN,159
2020-4-18,MN,142
2020-4-19,MN,143
2020-4-20,MN,114
2020-4-21,MN,97
2020-4-22,MN,154
2020-4-23,MN,221
2020-4-24,MN,243
2020-4-25,MN,261
2020-4-26,MN,156
2020-4-27,MN,214
2020-4-28,MN,365
2020-4-29,MN,463
2020-4-30,MN,492
2020-5-1,MN,594
2020-5-2,MN,498
2020-5-3,MN,435
2020-5-4,MN,571
2020-5-5,MN,617
2020-5-6,MN,728
2020-5-7,MN,786
2020-5-8,MN,723
2020-5-9,MN,702
2020-5-10,MN,481
2020-1-25,SD,0
2020-1-26,SD,0
2020-1-27,SD,0
2020-1-28,SD,0
2020-1-29,SD,0
2020-1-30,SD,0
2020-1-31,SD,0
2020-2-1,SD,0
2020-2-2,SD,0
2020-2-3,SD,0
2020-2-4,SD,0
2020-2-5,SD,0
2020-2-6,SD,0
2020-2-7,SD,0
2020-2-8,SD,0
2020-2-9,SD,0
2020-2-10,SD,0
2020-2-11,SD,0
2020-2-12,SD,0
2020-2-13,SD,0
2020-2-14,SD,0
2020-2-15,SD,0
2020-2-16,SD,0
2020-2-17,SD,0
2020-2-18,SD,0
2020-2-19,SD,0
2020-2-20,SD,0
2020-2-21,SD,0
2020-2-22,SD,0
2020-2-23,SD,0
2020-2-24,SD,0
2020-2-25,SD,0
2020-2-26,SD,0
2020-2-27,SD,0
2020-2-28,SD,0
2020-2-29,SD,0
2020-3-1,SD,0
2020-3-2,SD,0
2020-3-3,SD,0
2020-3-4,SD,0
2020-3-5,SD,0
2020-3-6,SD,0
2020-3-7,SD,0
2020-3-8,SD,0
2020-3-9,SD,0
2020-3-10,SD,0
2020-3-11,SD,3
2020-3-12,SD,0
2020-3-13,SD,1
2020-3-14,SD,0
2020-3-15,SD,0
2020-3-16,SD,1
2020-3-17,SD,1
2020-3-18,SD,0
2020-3-19,SD,3
2020-3-20,SD,0
2020-3-21,SD,0
2020-3-22,SD,7
2020-3-23,SD,7
2020-3-24,SD,2
2020-3-25,SD,11
2020-3-26,SD,5
2020-3-27,SD,12
2020-3-28,SD,10
2020-3-29,SD,22
2020-3-30,SD,10
2020-3-31,SD,7
2020-4-1,SD,21
2020-4-2,SD,37
2020-4-3,SD,22
2020-4-4,SD,25
2020-4-5,SD,28
2020-4-6,SD,48
2020-4-7,SD,32
2020-4-8,SD,73
2020-4-9,SD,54
2020-4-10,SD,89
2020-4-11,SD,90
2020-4-12,SD,103
2020-4-13,SD,138
2020-4-14,SD,120
2020-4-15,SD,180
2020-4-16,SD,143
2020-4-17,SD,100
2020-4-18,SD,131
2020-4-19,SD,94
2020-4-20,SD,50
2020-4-21,SD,70
2020-4-22,SD,103
2020-4-23,SD,98
2020-4-24,SD,84
2020-4-25,SD,107
2020-4-26,SD,66
2020-4-27,SD,33
2020-4-28,SD,68
2020-4-29,SD,61
2020-4-30,SD,75
2020-5-1,SD,75
2020-5-2,SD,62
2020-5-3,SD,43
2020-5-4,SD,37
2020-5-5,SD,53
2020-5-6,SD,59
2020-5-7,SD,126
2020-5-8,SD,239
2020-5-9,SD,249
2020-5-10,SD,124
2020-1-25,PA,0
2020-1-26,PA,0
2020-1-27,PA,0
2020-1-28,PA,0
2020-1-29,PA,0
2020-1-30,PA,0
2020-1-31,PA,0
2020-2-1,PA,0
2020-2-2,PA,0
2020-2-3,PA,0
2020-2-4,PA,0
2020-2-5,PA,0
2020-2-6,PA,0
2020-2-7,PA,0
2020-2-8,PA,0
2020-2-9,PA,0
2020-2-10,PA,0
2020-2-11,PA,0
2020-2-12,PA,0
2020-2-13,PA,0
2020-2-14,PA,0
2020-2-15,PA,0
2020-2-16,PA,0
2020-2-17,PA,0
2020-2-18,PA,0
2020-2-19,PA,0
2020-2-20,PA,0
2020-2-21,PA,0
2020-2-22,PA,0
2020-2-23,PA,0
2020-2-24,PA,0
2020-2-25,PA,0
2020-2-26,PA,0
2020-2-27,PA,0
2020-2-28,PA,0
2020-2-29,PA,0
2020-3-1,PA,0
2020-3-2,PA,0
2020-3-3,PA,0
2020-3-4,PA,0
2020-3-5,PA,0
2020-3-6,PA,0
2020-3-7,PA,2
2020-3-8,PA,2
2020-3-9,PA,4
2020-3-10,PA,2
2020-3-11,PA,4
2020-3-12,PA,6
2020-3-13,PA,19
2020-3-14,PA,6
2020-3-15,PA,21
2020-3-16,PA,13
2020-3-17,PA,20
2020-3-18,PA,38
2020-3-19,PA,48
2020-3-20,PA,82
2020-3-21,PA,119
2020-3-22,PA,116
2020-3-23,PA,140
2020-3-24,PA,207
2020-3-25,PA,300
2020-3-26,PA,539
2020-3-27,PA,527
2020-3-28,PA,598
2020-3-29,PA,626
2020-3-30,PA,715
2020-3-31,PA,841
2020-4-1,PA,808
2020-4-2,PA,1211
2020-4-3,PA,1404
2020-4-4,PA,1689
2020-4-5,PA,1480
2020-4-6,PA,1485
2020-4-7,PA,1508
2020-4-8,PA,1832
2020-4-9,PA,1965
2020-4-10,PA,1749
2020-4-11,PA,1646
2020-4-12,PA,1181
2020-4-13,PA,1340
2020-4-14,PA,1296
2020-4-15,PA,1213
2020-4-16,PA,1510
2020-4-17,PA,1807
2020-4-18,PA,1621
2020-4-19,PA,1250
2020-4-20,PA,1013
2020-4-21,PA,1379
2020-4-22,PA,1379
2020-4-23,PA,1571
2020-4-24,PA,1964
2020-4-25,PA,1328
2020-4-26,PA,1083
2020-4-27,PA,1019
2020-4-28,PA,1595
2020-4-29,PA,868
2020-4-30,PA,2033
2020-5-1,PA,1540
2020-5-2,PA,1307
2020-5-3,PA,1008
2020-5-4,PA,913
2020-5-5,PA,975
2020-5-6,PA,1022
2020-5-7,PA,1160
2020-5-8,PA,1352
2020-5-9,PA,1160
2020-5-10,PA,1376
2020-1-25,KY,0
2020-1-26,KY,0
2020-1-27,KY,0
2020-1-28,KY,0
2020-1-29,KY,0
2020-1-30,KY,0
2020-1-31,KY,0
2020-2-1,KY,0
2020-2-2,KY,0
2020-2-3,KY,0
2020-2-4,KY,0
2020-2-5,KY,0
2020-2-6,KY,0
2020-2-7,KY,0
2020-2-8,KY,0
2020-2-9,KY,0
2020-2-10,KY,0
2020-2-11,KY,0
2020-2-12,KY,0
2020-2-13,KY,0
2020-2-14,KY,0
2020-2-15,KY,0
2020-2-16,KY,0
2020-2-17,KY,0
2020-2-18,KY,0
2020-2-19,KY,0
2020-2-20,KY,0
2020-2-21,KY,0
2020-2-22,KY,0
2020-2-23,KY,0
2020-2-24,KY,0
2020-2-25,KY,0
2020-2-26,KY,0
2020-2-27,KY,0
2020-2-28,KY,0
2020-2-29,KY,0
2020-3-1,KY,0
2020-3-2,KY,0
2020-3-3,KY,0
2020-3-4,KY,0
2020-3-5,KY,0
2020-3-6,KY,0
2020-3-7,KY,0
2020-3-8,KY,3
2020-3-9,KY,1
2020-3-10,KY,2
2020-3-11,KY,0
2020-3-12,KY,4
2020-3-13,KY,0
2020-3-14,KY,7
2020-3-15,KY,3
2020-3-16,KY,1
2020-3-17,KY,4
2020-3-18,KY,9
2020-3-19,KY,12
2020-3-20,KY,16
2020-3-21,KY,21
2020-3-22,KY,19
2020-3-23,KY,21
2020-3-24,KY,33
2020-3-25,KY,41
2020-3-26,KY,50
2020-3-27,KY,54
2020-3-28,KY,92
2020-3-29,KY,45
2020-3-30,KY,41
2020-3-31,KY,110
2020-4-1,KY,84
2020-4-2,KY,73
2020-4-3,KY,15
2020-4-4,KY,147
2020-4-5,KY,139
2020-4-6,KY,9
2020-4-7,KY,232
2020-4-8,KY,104
2020-4-9,KY,132
2020-4-10,KY,177
2020-4-11,KY,149
2020-4-12,KY,112
2020-4-13,KY,85
2020-4-14,KY,162
2020-4-15,KY,85
2020-4-16,KY,134
2020-4-17,KY,93
2020-4-18,KY,185
2020-4-19,KY,253
2020-4-20,KY,90
2020-4-21,KY,143
2020-4-22,KY,180
2020-4-23,KY,175
2020-4-24,KY,231
2020-4-25,KY,126
2020-4-26,KY,169
2020-4-27,KY,72
2020-4-28,KY,229
2020-4-29,KY,163
2020-4-30,KY,170
2020-5-1,KY,171
2020-5-2,KY,2
2020-5-3,KY,342
2020-5-4,KY,147
2020-5-5,KY,452
2020-5-6,KY,124
2020-5-7,KY,227
2020-5-8,KY,125
2020-5-9,KY,171
2020-5-10,KY,17
2020-1-25,WI,0
2020-1-26,WI,0
2020-1-27,WI,0
2020-1-28,WI,0
2020-1-29,WI,0
2020-1-30,WI,0
2020-1-31,WI,0
2020-2-1,WI,0
2020-2-2,WI,0
2020-2-3,WI,0
2020-2-4,WI,0
2020-2-5,WI,0
2020-2-6,WI,0
2020-2-7,WI,0
2020-2-8,WI,0
2020-2-9,WI,0
2020-2-10,WI,0
2020-2-11,WI,0
2020-2-12,WI,0
2020-2-13,WI,0
2020-2-14,WI,0
2020-2-15,WI,0
2020-2-16,WI,0
2020-2-17,WI,0
2020-2-18,WI,0
2020-2-19,WI,0
2020-2-20,WI,0
2020-2-21,WI,0
2020-2-22,WI,0
2020-2-23,WI,0
2020-2-24,WI,0
2020-2-25,WI,0
2020-2-26,WI,0
2020-2-27,WI,0
2020-2-28,WI,0
2020-2-29,WI,0
2020-3-1,WI,0
2020-3-2,WI,0
2020-3-3,WI,0
2020-3-4,WI,0
2020-3-5,WI,0
2020-3-6,WI,0
2020-3-7,WI,0
2020-3-8,WI,0
2020-3-9,WI,1
2020-3-10,WI,1
2020-3-11,WI,3
2020-3-12,WI,2
2020-3-13,WI,11
2020-3-14,WI,8
2020-3-15,WI,6
2020-3-16,WI,14
2020-3-17,WI,25
2020-3-18,WI,34
2020-3-19,WI,49
2020-3-20,WI,61
2020-3-21,WI,65
2020-3-22,WI,101
2020-3-23,WI,36
2020-3-24,WI,63
2020-3-25,WI,142
2020-3-26,WI,131
2020-3-27,WI,176
2020-3-28,WI,112
2020-3-29,WI,78
2020-3-30,WI,147
2020-3-31,WI,84
2020-4-1,WI,199
2020-4-2,WI,180
2020-4-3,WI,186
2020-4-4,WI,196
2020-4-5,WI,155
2020-4-6,WI,173
2020-4-7,WI,138
2020-4-8,WI,178
2020-4-9,WI,129
2020-4-10,WI,183
2020-4-11,WI,145
2020-4-12,WI,128
2020-4-13,WI,87
2020-4-14,WI,127
2020-4-15,WI,166
2020-4-16,WI,154
2020-4-17,WI,170
2020-4-18,WI,154
2020-4-19,WI,147
2020-4-20,WI,153
2020-4-21,WI,121
2020-4-22,WI,225
2020-4-23,WI,207
2020-4-24,WI,304
2020-4-25,WI,331
2020-4-26,WI,224
2020-4-27,WI,170
2020-4-28,WI,208
2020-4-29,WI,231
2020-4-30,WI,334
2020-5-1,WI,460
2020-5-2,WI,346
2020-5-3,WI,304
2020-5-4,WI,272
2020-5-5,WI,330
2020-5-6,WI,335
2020-5-7,WI,314
2020-5-8,WI,375
2020-5-9,WI,349
2020-5-10,WI,280
2020-1-25,IL,1
2020-1-26,IL,0
2020-1-27,IL,0
2020-1-28,IL,0
2020-1-29,IL,0
2020-1-30,IL,1
2020-1-31,IL,0
2020-2-1,IL,0
2020-2-2,IL,0
2020-2-3,IL,0
2020-2-4,IL,0
2020-2-5,IL,0
2020-2-6,IL,0
2020-2-7,IL,0
2020-2-8,IL,0
2020-2-9,IL,0
2020-2-10,IL,0
2020-2-11,IL,0
2020-2-12,IL,0
2020-2-13,IL,0
2020-2-14,IL,0
2020-2-15,IL,0
2020-2-16,IL,0
2020-2-17,IL,0
2020-2-18,IL,0
2020-2-19,IL,0
2020-2-20,IL,0
2020-2-21,IL,0
2020-2-22,IL,0
2020-2-23,IL,0
2020-2-24,IL,0
2020-2-25,IL,0
2020-2-26,IL,0
2020-2-27,IL,0
2020-2-28,IL,0
2020-2-29,IL,1
2020-3-1,IL,0
2020-3-2,IL,1
2020-3-3,IL,0
2020-3-4,IL,0
2020-3-5,IL,1
2020-3-6,IL,1
2020-3-7,IL,0
2020-3-8,IL,1
2020-3-9,IL,4
2020-3-10,IL,8
2020-3-11,IL,6
2020-3-12,IL,7
2020-3-13,IL,14
2020-3-14,IL,20
2020-3-15,IL,28
2020-3-16,IL,10
2020-3-17,IL,55
2020-3-18,IL,127
2020-3-19,IL,134
2020-3-20,IL,163
2020-3-21,IL,168
2020-3-22,IL,296
2020-3-23,IL,238
2020-3-24,IL,250
2020-3-25,IL,339
2020-3-26,IL,664
2020-3-27,IL,491
2020-3-28,IL,518
2020-3-29,IL,1066
2020-3-30,IL,457
2020-3-31,IL,922
2020-4-1,IL,986
2020-4-2,IL,717
2020-4-3,IL,1209
2020-4-4,IL,1453
2020-4-5,IL,919
2020-4-6,IL,986
2020-4-7,IL,1287
2020-4-8,IL,1529
2020-4-9,IL,1344
2020-4-10,IL,1465
2020-4-11,IL,1293
2020-4-12,IL,1672
2020-4-13,IL,1173
2020-4-14,IL,1222
2020-4-15,IL,1346
2020-4-16,IL,1141
2020-4-17,IL,1841
2020-4-18,IL,1585
2020-4-19,IL,1197
2020-4-20,IL,1151
2020-4-21,IL,1551
2020-4-22,IL,2049
2020-4-23,IL,1827
2020-4-24,IL,2723
2020-4-25,IL,2119
2020-4-26,IL,2126
2020-4-27,IL,1980
2020-4-28,IL,2219
2020-4-29,IL,2253
2020-4-30,IL,2563
2020-5-1,IL,3137
2020-5-2,IL,2450
2020-5-3,IL,2994
2020-5-4,IL,2341
2020-5-5,IL,2049
2020-5-6,IL,2275
2020-5-7,IL,2638
2020-5-8,IL,2886
2020-5-9,IL,2320
2020-5-10,IL,1654
2020-1-25,MI,0
2020-1-26,MI,0
2020-1-27,MI,0
2020-1-28,MI,0
2020-1-29,MI,0
2020-1-30,MI,0
2020-1-31,MI,0
2020-2-1,MI,0
2020-2-2,MI,0
2020-2-3,MI,0
2020-2-4,MI,0
2020-2-5,MI,0
2020-2-6,MI,0
2020-2-7,MI,0
2020-2-8,MI,0
2020-2-9,MI,0
2020-2-10,MI,0
2020-2-11,MI,0
2020-2-12,MI,0
2020-2-13,MI,0
2020-2-14,MI,0
2020-2-15,MI,0
2020-2-16,MI,0
2020-2-17,MI,0
2020-2-18,MI,0
2020-2-19,MI,0
2020-2-20,MI,0
2020-2-21,MI,0
2020-2-22,MI,0
2020-2-23,MI,0
2020-2-24,MI,0
2020-2-25,MI,0
2020-2-26,MI,0
2020-2-27,MI,0
2020-2-28,MI,0
2020-2-29,MI,0
2020-3-1,MI,0
2020-3-2,MI,0
2020-3-3,MI,0
2020-3-4,MI,0
2020-3-5,MI,0
2020-3-6,MI,0
2020-3-7,MI,0
2020-3-8,MI,0
2020-3-9,MI,0
2020-3-10,MI,0
2020-3-11,MI,0
2020-3-12,MI,10
2020-3-13,MI,13
2020-3-14,MI,8
2020-3-15,MI,20
2020-3-16,MI,1
2020-3-17,MI,11
2020-3-18,MI,15
2020-3-19,MI,254
2020-3-20,MI,214
2020-3-21,MI,239
2020-3-22,MI,246
2020-3-23,MI,291
2020-3-24,MI,467
2020-3-25,MI,502
2020-3-26,MI,584
2020-3-27,MI,778
2020-3-28,MI,979
2020-3-29,MI,852
2020-3-30,MI,1022
2020-3-31,MI,1121
2020-4-1,MI,1663
2020-4-2,MI,1499
2020-4-3,MI,1878
2020-4-4,MI,1556
2020-4-5,MI,1408
2020-4-6,MI,1496
2020-4-7,MI,1722
2020-4-8,MI,1369
2020-4-9,MI,1155
2020-4-10,MI,1271
2020-4-11,MI,1207
2020-4-12,MI,641
2020-4-13,MI,993
2020-4-14,MI,1357
2020-4-15,MI,1049
2020-4-16,MI,1226
2020-4-17,MI,833
2020-4-18,MI,765
2020-4-19,MI,631
2020-4-20,MI,579
2020-4-21,MI,1008
2020-4-22,MI,994
2020-4-23,MI,1323
2020-4-24,MI,1375
2020-4-25,MI,557
2020-4-26,MI,567
2020-4-27,MI,439
2020-4-28,MI,1044
2020-4-29,MI,1126
2020-4-30,MI,987
2020-5-1,MI,1001
2020-5-2,MI,843
2020-5-3,MI,545
2020-5-4,MI,192
2020-5-5,MI,405
2020-5-6,MI,715
2020-5-7,MI,595
2020-5-8,MI,676
2020-5-9,MI,416
2020-5-10,MI,381
2020-1-25,MA,0
2020-1-26,MA,0
2020-1-27,MA,0
2020-1-28,MA,0
2020-1-29,MA,0
2020-1-30,MA,0
2020-1-31,MA,0
2020-2-1,MA,0
2020-2-2,MA,0
2020-2-3,MA,0
2020-2-4,MA,0
2020-2-5,MA,0
2020-2-6,MA,0
2020-2-7,MA,0
2020-2-8,MA,0
2020-2-9,MA,0
2020-2-10,MA,0
2020-2-11,MA,0
2020-2-12,MA,0
2020-2-13,MA,0
2020-2-14,MA,0
2020-2-15,MA,0
2020-2-16,MA,0
2020-2-17,MA,0
2020-2-18,MA,0
2020-2-19,MA,0
2020-2-20,MA,0
2020-2-21,MA,0
2020-2-22,MA,0
2020-2-23,MA,0
2020-2-24,MA,0
2020-2-25,MA,0
2020-2-26,MA,0
2020-2-27,MA,0
2020-2-28,MA,0
2020-2-29,MA,0
2020-3-1,MA,0
2020-3-2,MA,1
2020-3-3,MA,0
2020-3-4,MA,0
2020-3-5,MA,1
2020-3-6,MA,5
2020-3-7,MA,5
2020-3-8,MA,15
2020-3-9,MA,13
2020-3-10,MA,51
2020-3-11,MA,3
2020-3-12,MA,13
2020-3-13,MA,15
2020-3-14,MA,15
2020-3-15,MA,26
2020-3-16,MA,33
2020-3-17,MA,21
2020-3-18,MA,38
2020-3-19,MA,72
2020-3-20,MA,85
2020-3-21,MA,112
2020-3-22,MA,121
2020-3-23,MA,131
2020-3-24,MA,382
2020-3-25,MA,679
2020-3-26,MA,579
2020-3-27,MA,823
2020-3-28,MA,1017
2020-3-29,MA,698
2020-3-30,MA,797
2020-3-31,MA,868
2020-4-1,MA,1118
2020-4-2,MA,1228
2020-4-3,MA,1436
2020-4-4,MA,1334
2020-4-5,MA,764
2020-4-6,MA,1337
2020-4-7,MA,1365
2020-4-8,MA,1588
2020-4-9,MA,2151
2020-4-10,MA,2033
2020-4-11,MA,1886
2020-4-12,MA,2615
2020-4-13,MA,1392
2020-4-14,MA,1296
2020-4-15,MA,1755
2020-4-16,MA,2263
2020-4-17,MA,2221
2020-4-18,MA,1970
2020-4-19,MA,1705
2020-4-20,MA,1566
2020-4-21,MA,1556
2020-4-22,MA,1745
2020-4-23,MA,3079
2020-4-24,MA,4946
2020-4-25,MA,2379
2020-4-26,MA,1590
2020-4-27,MA,1524
2020-4-28,MA,1840
2020-4-29,MA,1963
2020-4-30,MA,1940
2020-5-1,MA,2106
2020-5-2,MA,1952
2020-5-3,MA,1824
2020-5-4,MA,1000
2020-5-5,MA,1184
2020-5-6,MA,1754
2020-5-7,MA,1696
2020-5-8,MA,1612
2020-5-9,MA,1410
2020-5-10,MA,1050
2020-1-25,MD,0
2020-1-26,MD,0
2020-1-27,MD,0
2020-1-28,MD,0
2020-1-29,MD,0
2020-1-30,MD,0
2020-1-31,MD,0
2020-2-1,MD,0
2020-2-2,MD,0
2020-2-3,MD,0
2020-2-4,MD,0
2020-2-5,MD,0
2020-2-6,MD,0
2020-2-7,MD,0
2020-2-8,MD,0
2020-2-9,MD,0
2020-2-10,MD,0
2020-2-11,MD,0
2020-2-12,MD,0
2020-2-13,MD,0
2020-2-14,MD,0
2020-2-15,MD,0
2020-2-16,MD,0
2020-2-17,MD,0
2020-2-18,MD,0
2020-2-19,MD,0
2020-2-20,MD,0
2020-2-21,MD,0
2020-2-22,MD,0
2020-2-23,MD,0
2020-2-24,MD,0
2020-2-25,MD,0
2020-2-26,MD,0
2020-2-27,MD,0
2020-2-28,MD,0
2020-2-29,MD,0
2020-3-1,MD,0
2020-3-2,MD,0
2020-3-3,MD,0
2020-3-4,MD,0
2020-3-5,MD,0
2020-3-6,MD,0
2020-3-7,MD,0
2020-3-8,MD,2
2020-3-9,MD,1
2020-3-10,MD,3
2020-3-11,MD,4
2020-3-12,MD,0
2020-3-13,MD,5
2020-3-14,MD,9
2020-3-15,MD,5
2020-3-16,MD,7
2020-3-17,MD,18
2020-3-18,MD,28
2020-3-19,MD,23
2020-3-20,MD,42
2020-3-21,MD,45
2020-3-22,MD,50
2020-3-23,MD,45
2020-3-24,MD,59
2020-3-25,MD,74
2020-3-26,MD,158
2020-3-27,MD,194
2020-3-28,MD,291
2020-3-29,MD,178
2020-3-30,MD,170
2020-3-31,MD,248
2020-4-1,MD,323
2020-4-2,MD,346
2020-4-3,MD,427
2020-4-4,MD,367
2020-4-5,MD,484
2020-4-6,MD,436
2020-4-7,MD,326
2020-4-8,MD,1158
2020-4-9,MD,656
2020-4-10,MD,783
2020-4-11,MD,726
2020-4-12,MD,531
2020-4-13,MD,711
2020-4-14,MD,536
2020-4-15,MD,560
2020-4-16,MD,752
2020-4-17,MD,788
2020-4-18,MD,736
2020-4-19,MD,522
2020-4-20,MD,854
2020-4-21,MD,509
2020-4-22,MD,582
2020-4-23,MD,962
2020-4-24,MD,881
2020-4-25,MD,1148
2020-4-26,MD,815
2020-4-27,MD,906
2020-4-28,MD,626
2020-4-29,MD,829
2020-4-30,MD,883
2020-5-1,MD,1741
2020-5-2,MD,1002
2020-5-3,MD,993
2020-5-4,MD,948
2020-5-5,MD,708
2020-5-6,MD,1046
2020-5-7,MD,1213
2020-5-8,MD,1116
2020-5-9,MD,1046
2020-5-10,MD,1055
2020-1-25,VT,0
2020-1-26,VT,0
2020-1-27,VT,0
2020-1-28,VT,0
2020-1-29,VT,0
2020-1-30,VT,0
2020-1-31,VT,0
2020-2-1,VT,0
2020-2-2,VT,0
2020-2-3,VT,0
2020-2-4,VT,0
2020-2-5,VT,0
2020-2-6,VT,0
2020-2-7,VT,0
2020-2-8,VT,0
2020-2-9,VT,0
2020-2-10,VT,0
2020-2-11,VT,0
2020-2-12,VT,0
2020-2-13,VT,0
2020-2-14,VT,0
2020-2-15,VT,0
2020-2-16,VT,0
2020-2-17,VT,0
2020-2-18,VT,0
2020-2-19,VT,0
2020-2-20,VT,0
2020-2-21,VT,0
2020-2-22,VT,0
2020-2-23,VT,0
2020-2-24,VT,0
2020-2-25,VT,0
2020-2-26,VT,0
2020-2-27,VT,0
2020-2-28,VT,0
2020-2-29,VT,0
2020-3-1,VT,0
2020-3-2,VT,0
2020-3-3,VT,0
2020-3-4,VT,0
2020-3-5,VT,0
2020-3-6,VT,0
2020-3-7,VT,0
2020-3-8,VT,0
2020-3-9,VT,0
2020-3-10,VT,0
2020-3-11,VT,1
2020-3-12,VT,0
2020-3-13,VT,0
2020-3-14,VT,3
2020-3-15,VT,3
2020-3-16,VT,4
2020-3-17,VT,2
2020-3-18,VT,5
2020-3-19,VT,3
2020-3-20,VT,7
2020-3-21,VT,20
2020-3-22,VT,3
2020-3-23,VT,23
2020-3-24,VT,20
2020-3-25,VT,28
2020-3-26,VT,35
2020-3-27,VT,26
2020-3-28,VT,27
2020-3-29,VT,24
2020-3-30,VT,21
2020-3-31,VT,37
2020-4-1,VT,28
2020-4-2,VT,17
2020-4-3,VT,51
2020-4-4,VT,72
2020-4-5,VT,51
2020-4-6,VT,31
2020-4-7,VT,32
2020-4-8,VT,30
2020-4-9,VT,23
2020-4-10,VT,51
2020-4-11,VT,32
2020-4-12,VT,16
2020-4-13,VT,21
2020-4-14,VT,4
2020-4-15,VT,7
2020-4-16,VT,9
2020-4-17,VT,11
2020-4-18,VT,24
2020-4-19,VT,9
2020-4-20,VT,4
2020-4-21,VT,2
2020-4-22,VT,5
2020-4-23,VT,2
2020-4-24,VT,2
2020-4-25,VT,16
2020-4-26,VT,8
2020-4-27,VT,4
2020-4-28,VT,7
2020-4-29,VT,0
2020-4-30,VT,4
2020-5-1,VT,13
2020-5-2,VT,7
2020-5-3,VT,11
2020-5-4,VT,5
2020-5-5,VT,5
2020-5-6,VT,1
2020-5-7,VT,8
2020-5-8,VT,3
2020-5-9,VT,2
2020-5-10,VT,6
2020-1-25,HI,0
2020-1-26,HI,0
2020-1-27,HI,0
2020-1-28,HI,0
2020-1-29,HI,0
2020-1-30,HI,0
2020-1-31,HI,0
2020-2-1,HI,0
2020-2-2,HI,0
2020-2-3,HI,0
2020-2-4,HI,0
2020-2-5,HI,0
2020-2-6,HI,0
2020-2-7,HI,0
2020-2-8,HI,0
2020-2-9,HI,0
2020-2-10,HI,0
2020-2-11,HI,0
2020-2-12,HI,0
2020-2-13,HI,0
2020-2-14,HI,0
2020-2-15,HI,0
2020-2-16,HI,0
2020-2-17,HI,0
2020-2-18,HI,0
2020-2-19,HI,0
2020-2-20,HI,0
2020-2-21,HI,0
2020-2-22,HI,0
2020-2-23,HI,0
2020-2-24,HI,0
2020-2-25,HI,0
2020-2-26,HI,0
2020-2-27,HI,0
2020-2-28,HI,0
2020-2-29,HI,0
2020-3-1,HI,0
2020-3-2,HI,0
2020-3-3,HI,0
2020-3-4,HI,0
2020-3-5,HI,0
2020-3-6,HI,0
2020-3-7,HI,0
2020-3-8,HI,1
2020-3-9,HI,0
2020-3-10,HI,0
2020-3-11,HI,0
2020-3-12,HI,0
2020-3-13,HI,0
2020-3-14,HI,2
2020-3-15,HI,3
2020-3-16,HI,3
2020-3-17,HI,4
2020-3-18,HI,2
2020-3-19,HI,10
2020-3-20,HI,11
2020-3-21,HI,11
2020-3-22,HI,8
2020-3-23,HI,21
2020-3-24,HI,13
2020-3-25,HI,5
2020-3-26,HI,11
2020-3-27,HI,14
2020-3-28,HI,31
2020-3-29,HI,24
2020-3-30,HI,29
2020-3-31,HI,20
2020-4-1,HI,34
2020-4-2,HI,25
2020-4-3,HI,34
2020-4-4,HI,32
2020-4-5,HI,20
2020-4-6,HI,16
2020-4-7,HI,23
2020-4-8,HI,25
2020-4-9,HI,7
2020-4-10,HI,23
2020-4-11,HI,21
2020-4-12,HI,13
2020-4-13,HI,5
2020-4-14,HI,9
2020-4-15,HI,13
2020-4-16,HI,11
2020-4-17,HI,12
2020-4-18,HI,21
2020-4-19,HI,6
2020-4-20,HI,4
2020-4-21,HI,2
2020-4-22,HI,6
2020-4-23,HI,4
2020-4-24,HI,5
2020-4-25,HI,2
2020-4-26,HI,2
2020-4-27,HI,1
2020-4-28,HI,2
2020-4-29,HI,3
2020-4-30,HI,4
2020-5-1,HI,1
2020-5-2,HI,1
2020-5-3,HI,0
2020-5-4,HI,1
2020-5-5,HI,3
2020-5-6,HI,1
2020-5-7,HI,3
2020-5-8,HI,0
2020-5-9,HI,1
2020-5-10,HI,1
2020-1-25,NJ,0
2020-1-26,NJ,0
2020-1-27,NJ,0
2020-1-28,NJ,0
2020-1-29,NJ,0
2020-1-30,NJ,0
2020-1-31,NJ,0
2020-2-1,NJ,0
2020-2-2,NJ,0
2020-2-3,NJ,0
2020-2-4,NJ,0
2020-2-5,NJ,0
2020-2-6,NJ,0
2020-2-7,NJ,0
2020-2-8,NJ,0
2020-2-9,NJ,0
2020-2-10,NJ,0
2020-2-11,NJ,0
2020-2-12,NJ,0
2020-2-13,NJ,0
2020-2-14,NJ,0
2020-2-15,NJ,0
2020-2-16,NJ,0
2020-2-17,NJ,0
2020-2-18,NJ,0
2020-2-19,NJ,0
2020-2-20,NJ,0
2020-2-21,NJ,0
2020-2-22,NJ,0
2020-2-23,NJ,0
2020-2-24,NJ,0
2020-2-25,NJ,0
2020-2-26,NJ,0
2020-2-27,NJ,0
2020-2-28,NJ,0
2020-2-29,NJ,0
2020-3-1,NJ,0
2020-3-2,NJ,0
2020-3-3,NJ,0
2020-3-4,NJ,0
2020-3-5,NJ,1
2020-3-6,NJ,2
2020-3-7,NJ,0
2020-3-8,NJ,2
2020-3-9,NJ,5
2020-3-10,NJ,4
2020-3-11,NJ,8
2020-3-12,NJ,6
2020-3-13,NJ,21
2020-3-14,NJ,25
2020-3-15,NJ,23
2020-3-16,NJ,78
2020-3-17,NJ,92
2020-3-18,NJ,159
2020-3-19,NJ,308
2020-3-20,NJ,161
2020-3-21,NJ,440
2020-3-22,NJ,578
2020-3-23,NJ,930
2020-3-24,NJ,831
2020-3-25,NJ,727
2020-3-26,NJ,2474
2020-3-27,NJ,1949
2020-3-28,NJ,2299
2020-3-29,NJ,2262
2020-3-30,NJ,3250
2020-3-31,NJ,2060
2020-4-1,NJ,3559
2020-4-2,NJ,3335
2020-4-3,NJ,4305
2020-4-4,NJ,4229
2020-4-5,NJ,3381
2020-4-6,NJ,3585
2020-4-7,NJ,3326
2020-4-8,NJ,3021
2020-4-9,NJ,3590
2020-4-10,NJ,3561
2020-4-11,NJ,3563
2020-4-12,NJ,3699
2020-4-13,NJ,2734
2020-4-14,NJ,4240
2020-4-15,NJ,2206
2020-4-16,NJ,4287
2020-4-17,NJ,3150
2020-4-18,NJ,2953
2020-4-19,NJ,3881
2020-4-20,NJ,3505
2020-4-21,NJ,3581
2020-4-22,NJ,3478
2020-4-23,NJ,4124
2020-4-24,NJ,2207
2020-4-25,NJ,3327
2020-4-26,NJ,3515
2020-4-27,NJ,2150
2020-4-28,NJ,2668
2020-4-29,NJ,2408
2020-4-30,NJ,2388
2020-5-1,NJ,2538
2020-5-2,NJ,2527
2020-5-3,NJ,3027
2020-5-4,NJ,1525
2020-5-5,NJ,2324
2020-5-6,NJ,1297
2020-5-7,NJ,1745
2020-5-8,NJ,1819
2020-5-9,NJ,1631
2020-5-10,NJ,1447
2020-1-25,IN,0
2020-1-26,IN,0
2020-1-27,IN,0
2020-1-28,IN,0
2020-1-29,IN,0
2020-1-30,IN,0
2020-1-31,IN,0
2020-2-1,IN,0
2020-2-2,IN,0
2020-2-3,IN,0
2020-2-4,IN,0
2020-2-5,IN,0
2020-2-6,IN,0
2020-2-7,IN,0
2020-2-8,IN,0
2020-2-9,IN,0
2020-2-10,IN,0
2020-2-11,IN,0
2020-2-12,IN,0
2020-2-13,IN,0
2020-2-14,IN,0
2020-2-15,IN,0
2020-2-16,IN,0
2020-2-17,IN,0
2020-2-18,IN,0
2020-2-19,IN,0
2020-2-20,IN,0
2020-2-21,IN,0
2020-2-22,IN,0
2020-2-23,IN,0
2020-2-24,IN,0
2020-2-25,IN,0
2020-2-26,IN,0
2020-2-27,IN,0
2020-2-28,IN,0
2020-2-29,IN,0
2020-3-1,IN,0
2020-3-2,IN,0
2020-3-3,IN,0
2020-3-4,IN,0
2020-3-5,IN,0
2020-3-6,IN,0
2020-3-7,IN,0
2020-3-8,IN,1
2020-3-9,IN,2
2020-3-10,IN,2
2020-3-11,IN,5
2020-3-12,IN,1
2020-3-13,IN,0
2020-3-14,IN,3
2020-3-15,IN,4
2020-3-16,IN,5
2020-3-17,IN,6
2020-3-18,IN,9
2020-3-19,IN,17
2020-3-20,IN,23
2020-3-21,IN,47
2020-3-22,IN,75
2020-3-23,IN,58
2020-3-24,IN,107
2020-3-25,IN,113
2020-3-26,IN,177
2020-3-27,IN,326
2020-3-28,IN,250
2020-3-29,IN,282
2020-3-30,IN,274
2020-3-31,IN,371
2020-4-1,IN,405
2020-4-2,IN,476
2020-4-3,IN,399
2020-4-4,IN,516
2020-4-5,IN,458
2020-4-6,IN,543
2020-4-7,IN,551
2020-4-8,IN,436
2020-4-9,IN,408
2020-4-10,IN,556
2020-4-11,IN,528
2020-4-12,IN,493
2020-4-13,IN,308
2020-4-14,IN,291
2020-4-15,IN,428
2020-4-16,IN,587
2020-4-17,IN,612
2020-4-18,IN,487
2020-4-19,IN,569
2020-4-20,IN,476
2020-4-21,IN,411
2020-4-22,IN,341
2020-4-23,IN,601
2020-4-24,IN,641
2020-4-25,IN,715
2020-4-26,IN,617
2020-4-27,IN,1125
2020-4-28,IN,646
2020-4-29,IN,626
2020-4-30,IN,690
2020-5-1,IN,842
2020-5-2,IN,688
2020-5-3,IN,638
2020-5-4,IN,588
2020-5-5,IN,568
2020-5-6,IN,863
2020-5-7,IN,656
2020-5-8,IN,678
2020-5-9,IN,619
2020-5-10,IN,394
2020-1-25,KS,0
2020-1-26,KS,0
2020-1-27,KS,0
2020-1-28,KS,0
2020-1-29,KS,0
2020-1-30,KS,0
2020-1-31,KS,0
2020-2-1,KS,0
2020-2-2,KS,0
2020-2-3,KS,0
2020-2-4,KS,0
2020-2-5,KS,0
2020-2-6,KS,0
2020-2-7,KS,0
2020-2-8,KS,0
2020-2-9,KS,0
2020-2-10,KS,0
2020-2-11,KS,0
2020-2-12,KS,0
2020-2-13,KS,0
2020-2-14,KS,0
2020-2-15,KS,0
2020-2-16,KS,0
2020-2-17,KS,0
2020-2-18,KS,0
2020-2-19,KS,0
2020-2-20,KS,0
2020-2-21,KS,0
2020-2-22,KS,0
2020-2-23,KS,0
2020-2-24,KS,0
2020-2-25,KS,0
2020-2-26,KS,0
2020-2-27,KS,0
2020-2-28,KS,0
2020-2-29,KS,0
2020-3-1,KS,0
2020-3-2,KS,0
2020-3-3,KS,0
2020-3-4,KS,0
2020-3-5,KS,0
2020-3-6,KS,0
2020-3-7,KS,0
2020-3-8,KS,0
2020-3-9,KS,0
2020-3-10,KS,0
2020-3-11,KS,0
2020-3-12,KS,4
2020-3-13,KS,1
2020-3-14,KS,2
2020-3-15,KS,1
2020-3-16,KS,2
2020-3-17,KS,6
2020-3-18,KS,5
2020-3-19,KS,13
2020-3-20,KS,14
2020-3-21,KS,8
2020-3-22,KS,9
2020-3-23,KS,16
2020-3-24,KS,17
2020-3-25,KS,33
2020-3-26,KS,39
2020-3-27,KS,41
2020-3-28,KS,59
2020-3-29,KS,61
2020-3-30,KS,41
2020-3-31,KS,61
2020-4-1,KS,54
2020-4-2,KS,66
2020-4-3,KS,70
2020-4-4,KS,77
2020-4-5,KS,62
2020-4-6,KS,90
2020-4-7,KS,52
2020-4-8,KS,150
2020-4-9,KS,61
2020-4-10,KS,64
2020-4-11,KS,102
2020-4-12,KS,55
2020-4-13,KS,45
2020-4-14,KS,56
2020-4-15,KS,63
2020-4-16,KS,92
2020-4-17,KS,137
2020-4-18,KS,89
2020-4-19,KS,78
2020-4-20,KS,133
2020-4-21,KS,84
2020-4-22,KS,177
2020-4-23,KS,334
2020-4-24,KS,216
2020-4-25,KS,249
2020-4-26,KS,107
2020-4-27,KS,209
2020-4-28,KS,195
2020-4-29,KS,210
2020-4-30,KS,494
2020-5-1,KS,205
2020-5-2,KS,353
2020-5-3,KS,314
2020-5-4,KS,208
2020-5-5,KS,242
2020-5-6,KS,266
2020-5-7,KS,347
2020-5-8,KS,511
2020-5-9,KS,172
2020-5-10,KS,122
2020-1-25,NE,0
2020-1-26,NE,0
2020-1-27,NE,0
2020-1-28,NE,0
2020-1-29,NE,0
2020-1-30,NE,0
2020-1-31,NE,0
2020-2-1,NE,0
2020-2-2,NE,0
2020-2-3,NE,0
2020-2-4,NE,0
2020-2-5,NE,0
2020-2-6,NE,0
2020-2-7,NE,0
2020-2-8,NE,0
2020-2-9,NE,0
2020-2-10,NE,0
2020-2-11,NE,0
2020-2-12,NE,0
2020-2-13,NE,0
2020-2-14,NE,0
2020-2-15,NE,0
2020-2-16,NE,0
2020-2-17,NE,0
2020-2-18,NE,0
2020-2-19,NE,0
2020-2-20,NE,1
2020-2-21,NE,0
2020-2-22,NE,0
2020-2-23,NE,0
2020-2-24,NE,1
2020-2-25,NE,1
2020-2-26,NE,0
2020-2-27,NE,0
2020-2-28,NE,0
2020-2-29,NE,0
2020-3-1,NE,0
2020-3-2,NE,0
2020-3-3,NE,0
2020-3-4,NE,0
2020-3-5,NE,0
2020-3-6,NE,1
2020-3-7,NE,0
2020-3-8,NE,2
2020-3-9,NE,0
2020-3-10,NE,1
2020-3-11,NE,6
2020-3-12,NE,1
2020-3-13,NE,3
2020-3-14,NE,2
2020-3-15,NE,2
2020-3-16,NE,2
2020-3-17,NE,3
2020-3-18,NE,7
2020-3-19,NE,4
2020-3-20,NE,6
2020-3-21,NE,8
2020-3-22,NE,1
2020-3-23,NE,11
2020-3-24,NE,4
2020-3-25,NE,7
2020-3-26,NE,7
2020-3-27,NE,8
2020-3-28,NE,22
2020-3-29,NE,15
2020-3-30,NE,49
2020-3-31,NE,8
2020-4-1,NE,56
2020-4-2,NE,24
2020-4-3,NE,23
2020-4-4,NE,43
2020-4-5,NE,37
2020-4-6,NE,61
2020-4-7,NE,53
2020-4-8,NE,48
2020-4-9,NE,56
2020-4-10,NE,84
2020-4-11,NE,40
2020-4-12,NE,87
2020-4-13,NE,65
2020-4-14,NE,60
2020-4-15,NE,64
2020-4-16,NE,100
2020-4-17,NE,122
2020-4-18,NE,132
2020-4-19,NE,125
2020-4-20,NE,173
2020-4-21,NE,80
2020-4-22,NE,100
2020-4-23,NE,364
2020-4-24,NE,284
2020-4-25,NE,424
2020-4-26,NE,228
2020-4-27,NE,361
2020-4-28,NE,126
2020-4-29,NE,263
2020-4-30,NE,456
2020-5-1,NE,506
2020-5-2,NE,494
2020-5-3,NE,354
2020-5-4,NE,437
2020-5-5,NE,319
2020-5-6,NE,329
2020-5-7,NE,419
2020-5-8,NE,641
2020-5-9,NE,403
2020-5-10,NE,95
2020-1-25,DC,0
2020-1-26,DC,0
2020-1-27,DC,0
2020-1-28,DC,0
2020-1-29,DC,0
2020-1-30,DC,0
2020-1-31,DC,0
2020-2-1,DC,0
2020-2-2,DC,0
2020-2-3,DC,0
2020-2-4,DC,0
2020-2-5,DC,0
2020-2-6,DC,0
2020-2-7,DC,0
2020-2-8,DC,0
2020-2-9,DC,0
2020-2-10,DC,0
2020-2-11,DC,0
2020-2-12,DC,0
2020-2-13,DC,0
2020-2-14,DC,0
2020-2-15,DC,0
2020-2-16,DC,0
2020-2-17,DC,0
2020-2-18,DC,0
2020-2-19,DC,0
2020-2-20,DC,0
2020-2-21,DC,0
2020-2-22,DC,0
2020-2-23,DC,0
2020-2-24,DC,0
2020-2-25,DC,0
2020-2-26,DC,0
2020-2-27,DC,0
2020-2-28,DC,0
2020-2-29,DC,0
2020-3-1,DC,0
2020-3-2,DC,0
2020-3-3,DC,0
2020-3-4,DC,0
2020-3-5,DC,0
2020-3-6,DC,0
2020-3-7,DC,0
2020-3-8,DC,0
2020-3-9,DC,3
2020-3-10,DC,0
2020-3-11,DC,6
2020-3-12,DC,0
2020-3-13,DC,0
2020-3-14,DC,6
2020-3-15,DC,1
2020-3-16,DC,5
2020-3-17,DC,9
2020-3-18,DC,5
2020-3-19,DC,3
2020-3-20,DC,32
2020-3-21,DC,6
2020-3-22,DC,21
2020-3-23,DC,18
2020-3-24,DC,21
2020-3-25,DC,46
2020-3-26,DC,48
2020-3-27,DC,36
2020-3-28,DC,37
2020-3-29,DC,38
2020-3-30,DC,59
2020-3-31,DC,94
2020-4-1,DC,91
2020-4-2,DC,67
2020-4-3,DC,104
2020-4-4,DC,145
2020-4-5,DC,96
2020-4-6,DC,99
2020-4-7,DC,114
2020-4-8,DC,229
2020-4-9,DC,83
2020-4-10,DC,137
2020-4-11,DC,118
2020-4-12,DC,97
2020-4-13,DC,80
2020-4-14,DC,103
2020-4-15,DC,139
2020-4-16,DC,153
2020-4-17,DC,126
2020-4-18,DC,190
2020-4-19,DC,127
2020-4-20,DC,134
2020-4-21,DC,171
2020-4-22,DC,108
2020-4-23,DC,155
2020-4-24,DC,167
2020-4-25,DC,171
2020-4-26,DC,142
2020-4-27,DC,51
2020-4-28,DC,102
2020-4-29,DC,112
2020-4-30,DC,217
2020-5-1,DC,335
2020-5-2,DC,139
2020-5-3,DC,219
2020-5-4,DC,154
2020-5-5,DC,152
2020-5-6,DC,139
2020-5-7,DC,193
2020-5-8,DC,245
2020-5-9,DC,203
2020-5-10,DC,170
2020-1-25,OH,0
2020-1-26,OH,0
2020-1-27,OH,0
2020-1-28,OH,0
2020-1-29,OH,0
2020-1-30,OH,0
2020-1-31,OH,0
2020-2-1,OH,0
2020-2-2,OH,0
2020-2-3,OH,0
2020-2-4,OH,0
2020-2-5,OH,0
2020-2-6,OH,0
2020-2-7,OH,0
2020-2-8,OH,0
2020-2-9,OH,0
2020-2-10,OH,0
2020-2-11,OH,0
2020-2-12,OH,0
2020-2-13,OH,0
2020-2-14,OH,0
2020-2-15,OH,0
2020-2-16,OH,0
2020-2-17,OH,0
2020-2-18,OH,0
2020-2-19,OH,0
2020-2-20,OH,0
2020-2-21,OH,0
2020-2-22,OH,0
2020-2-23,OH,0
2020-2-24,OH,0
2020-2-25,OH,0
2020-2-26,OH,0
2020-2-27,OH,0
2020-2-28,OH,0
2020-2-29,OH,0
2020-3-1,OH,0
2020-3-2,OH,0
2020-3-3,OH,0
2020-3-4,OH,0
2020-3-5,OH,0
2020-3-6,OH,0
2020-3-7,OH,0
2020-3-8,OH,0
2020-3-9,OH,0
2020-3-10,OH,0
2020-3-11,OH,1
2020-3-12,OH,1
2020-3-13,OH,8
2020-3-14,OH,13
2020-3-15,OH,11
2020-3-16,OH,13
2020-3-17,OH,17
2020-3-18,OH,23
2020-3-19,OH,30
2020-3-20,OH,49
2020-3-21,OH,78
2020-3-22,OH,104
2020-3-23,OH,93
2020-3-24,OH,120
2020-3-25,OH,142
2020-3-26,OH,161
2020-3-27,OH,277
2020-3-28,OH,262
2020-3-29,OH,259
2020-3-30,OH,268
2020-3-31,OH,266
2020-4-1,OH,348
2020-4-2,OH,355
2020-4-3,OH,410
2020-4-4,OH,427
2020-4-5,OH,304
2020-4-6,OH,407
2020-4-7,OH,333
2020-4-8,OH,366
2020-4-9,OH,364
2020-4-10,OH,366
2020-4-11,OH,372
2020-4-12,OH,354
2020-4-13,OH,370
2020-4-14,OH,305
2020-4-15,OH,511
2020-4-16,OH,623
2020-4-17,OH,693
2020-4-18,OH,1115
2020-4-19,OH,1380
2020-4-20,OH,1317
2020-4-21,OH,806
2020-4-22,OH,392
2020-4-23,OH,577
2020-4-24,OH,475
2020-4-25,OH,418
2020-4-26,OH,376
2020-4-27,OH,362
2020-4-28,OH,444
2020-4-29,OH,534
2020-4-30,OH,724
2020-5-1,OH,716
2020-5-2,OH,592
2020-5-3,OH,579
2020-5-4,OH,560
2020-5-5,OH,495
2020-5-6,OH,607
2020-5-7,OH,555
2020-5-8,OH,887
2020-5-9,OH,679
2020-5-10,OH,389
2020-1-25,TX,0
2020-1-26,TX,0
2020-1-27,TX,0
2020-1-28,TX,0
2020-1-29,TX,0
2020-1-30,TX,0
2020-1-31,TX,0
2020-2-1,TX,0
2020-2-2,TX,0
2020-2-3,TX,0
2020-2-4,TX,0
2020-2-5,TX,0
2020-2-6,TX,0
2020-2-7,TX,0
2020-2-8,TX,0
2020-2-9,TX,0
2020-2-10,TX,0
2020-2-11,TX,0
2020-2-12,TX,0
2020-2-13,TX,1
2020-2-14,TX,0
2020-2-15,TX,0
2020-2-16,TX,0
2020-2-17,TX,0
2020-2-18,TX,0
2020-2-19,TX,0
2020-2-20,TX,0
2020-2-21,TX,2
2020-2-22,TX,0
2020-2-23,TX,0
2020-2-24,TX,6
2020-2-25,TX,0
2020-2-26,TX,0
2020-2-27,TX,0
2020-2-28,TX,1
2020-2-29,TX,0
2020-3-1,TX,0
2020-3-2,TX,0
2020-3-3,TX,0
2020-3-4,TX,1
2020-3-5,TX,4
2020-3-6,TX,3
2020-3-7,TX,0
2020-3-8,TX,4
2020-3-9,TX,1
2020-3-10,TX,7
2020-3-11,TX,2
2020-3-12,TX,8
2020-3-13,TX,17
2020-3-14,TX,11
2020-3-15,TX,11
2020-3-16,TX,7
2020-3-17,TX,19
2020-3-18,TX,60
2020-3-19,TX,82
2020-3-20,TX,129
2020-3-21,TX,170
2020-3-22,TX,85
2020-3-23,TX,96
2020-3-24,TX,129
2020-3-25,TX,262
2020-3-26,TX,423
2020-3-27,TX,398
2020-3-28,TX,218
2020-3-29,TX,551
2020-3-30,TX,327
2020-3-31,TX,534
2020-4-1,TX,685
2020-4-2,TX,625
2020-4-3,TX,789
2020-4-4,TX,897
2020-4-5,TX,525
2020-4-6,TX,1013
2020-4-7,TX,864
2020-4-8,TX,929
2020-4-9,TX,1475
2020-4-10,TX,918
2020-4-11,TX,918
2020-4-12,TX,568
2020-4-13,TX,711
2020-4-14,TX,816
2020-4-15,TX,803
2020-4-16,TX,822
2020-4-17,TX,1203
2020-4-18,TX,796
2020-4-19,TX,514
2020-4-20,TX,594
2020-4-21,TX,914
2020-4-22,TX,820
2020-4-23,TX,937
2020-4-24,TX,944
2020-4-25,TX,844
2020-4-26,TX,715
2020-4-27,TX,754
2020-4-28,TX,905
2020-4-29,TX,971
2020-4-30,TX,1233
2020-5-1,TX,1270
2020-5-2,TX,1091
2020-5-3,TX,866
2020-5-4,TX,835
2020-5-5,TX,1152
2020-5-6,TX,1155
2020-5-7,TX,1241
2020-5-8,TX,1261
2020-5-9,TX,906
2020-5-10,TX,1188
2020-1-25,ND,0
2020-1-26,ND,0
2020-1-27,ND,0
2020-1-28,ND,0
2020-1-29,ND,0
2020-1-30,ND,0
2020-1-31,ND,0
2020-2-1,ND,0
2020-2-2,ND,0
2020-2-3,ND,0
2020-2-4,ND,0
2020-2-5,ND,0
2020-2-6,ND,0
2020-2-7,ND,0
2020-2-8,ND,0
2020-2-9,ND,0
2020-2-10,ND,0
2020-2-11,ND,0
2020-2-12,ND,0
2020-2-13,ND,0
2020-2-14,ND,0
2020-2-15,ND,0
2020-2-16,ND,0
2020-2-17,ND,0
2020-2-18,ND,0
2020-2-19,ND,0
2020-2-20,ND,0
2020-2-21,ND,0
2020-2-22,ND,0
2020-2-23,ND,0
2020-2-24,ND,0
2020-2-25,ND,0
2020-2-26,ND,0
2020-2-27,ND,0
2020-2-28,ND,0
2020-2-29,ND,0
2020-3-1,ND,0
2020-3-2,ND,0
2020-3-3,ND,0
2020-3-4,ND,0
2020-3-5,ND,0
2020-3-6,ND,0
2020-3-7,ND,0
2020-3-8,ND,0
2020-3-9,ND,0
2020-3-10,ND,0
2020-3-11,ND,0
2020-3-12,ND,0
2020-3-13,ND,0
2020-3-14,ND,0
2020-3-15,ND,0
2020-3-16,ND,0
2020-3-17,ND,4
2020-3-18,ND,2
2020-3-19,ND,12
2020-3-20,ND,8
2020-3-21,ND,1
2020-3-22,ND,2
2020-3-23,ND,2
2020-3-24,ND,4
2020-3-25,ND,9
2020-3-26,ND,13
2020-3-27,ND,10
2020-3-28,ND,25
2020-3-29,ND,4
2020-3-30,ND,11
2020-3-31,ND,18
2020-4-1,ND,21
2020-4-2,ND,12
2020-4-3,ND,14
2020-4-4,ND,13
2020-4-5,ND,21
2020-4-6,ND,18
2020-4-7,ND,12
2020-4-8,ND,14
2020-4-9,ND,18
2020-4-10,ND,9
2020-4-11,ND,15
2020-4-12,ND,15
2020-4-13,ND,23
2020-4-14,ND,10
2020-4-15,ND,24
2020-4-16,ND,28
2020-4-17,ND,46
2020-4-18,ND,89
2020-4-19,ND,57
2020-4-20,ND,42
2020-4-21,ND,17
2020-4-22,ND,35
2020-4-23,ND,30
2020-4-24,ND,39
2020-4-25,ND,55
2020-4-26,ND,64
2020-4-27,ND,75
2020-4-28,ND,49
2020-4-29,ND,42
2020-4-30,ND,34
2020-5-1,ND,40
2020-5-2,ND,46
2020-5-3,ND,38
2020-5-4,ND,34
2020-5-5,ND,41
2020-5-6,ND,57
2020-5-7,ND,48
2020-5-8,ND,54
2020-5-9,ND,39
2020-5-10,ND,27
2020-1-25,AL,0
2020-1-26,AL,0
2020-1-27,AL,0
2020-1-28,AL,0
2020-1-29,AL,0
2020-1-30,AL,0
2020-1-31,AL,0
2020-2-1,AL,0
2020-2-2,AL,0
2020-2-3,AL,0
2020-2-4,AL,0
2020-2-5,AL,0
2020-2-6,AL,0
2020-2-7,AL,0
2020-2-8,AL,0
2020-2-9,AL,0
2020-2-10,AL,0
2020-2-11,AL,0
2020-2-12,AL,0
2020-2-13,AL,0
2020-2-14,AL,0
2020-2-15,AL,0
2020-2-16,AL,0
2020-2-17,AL,0
2020-2-18,AL,0
2020-2-19,AL,0
2020-2-20,AL,0
2020-2-21,AL,0
2020-2-22,AL,0
2020-2-23,AL,0
2020-2-24,AL,0
2020-2-25,AL,0
2020-2-26,AL,0
2020-2-27,AL,0
2020-2-28,AL,0
2020-2-29,AL,0
2020-3-1,AL,0
2020-3-2,AL,0
2020-3-3,AL,0
2020-3-4,AL,0
2020-3-5,AL,0
2020-3-6,AL,0
2020-3-7,AL,0
2020-3-8,AL,0
2020-3-9,AL,0
2020-3-10,AL,0
2020-3-11,AL,0
2020-3-12,AL,0
2020-3-13,AL,0
2020-3-14,AL,0
2020-3-15,AL,0
2020-3-16,AL,0
2020-3-17,AL,0
2020-3-18,AL,0
2020-3-19,AL,0
2020-3-20,AL,0
2020-3-21,AL,0
2020-3-22,AL,0
2020-3-23,AL,0
2020-3-24,AL,0
2020-3-25,AL,0
2020-3-26,AL,0
2020-3-27,AL,0
2020-3-28,AL,0
2020-3-29,AL,0
2020-3-30,AL,0
2020-3-31,AL,0
2020-4-1,AL,0
2020-4-2,AL,0
2020-4-3,AL,0
2020-4-4,AL,0
2020-4-5,AL,0
2020-4-6,AL,0
2020-4-7,AL,0
2020-4-8,AL,0
2020-4-9,AL,0
2020-4-10,AL,0
2020-4-11,AL,0
2020-4-12,AL,0
2020-4-13,AL,0
2020-4-14,AL,0
2020-4-15,AL,0
2020-4-16,AL,0
2020-4-17,AL,0
2020-4-18,AL,0
2020-4-19,AL,0
2020-4-20,AL,0
2020-4-21,AL,0
2020-4-22,AL,0
2020-4-23,AL,0
2020-4-24,AL,0
2020-4-25,AL,0
2020-4-26,AL,0
2020-4-27,AL,0
2020-4-28,AL,0
2020-4-29,AL,0
2020-4-30,AL,0
2020-5-1,AL,0
2020-5-2,AL,0
2020-5-3,AL,0
2020-5-4,AL,0
2020-5-5,AL,0
2020-5-6,AL,0
2020-5-7,AL,0
2020-5-8,AL,0
2020-5-9,AL,0
2020-5-10,AL,0
2020-1-25,CO,0
2020-1-26,CO,0
2020-1-27,CO,0
2020-1-28,CO,0
2020-1-29,CO,0
2020-1-30,CO,0
2020-1-31,CO,0
2020-2-1,CO,0
2020-2-2,CO,0
2020-2-3,CO,0
2020-2-4,CO,0
2020-2-5,CO,0
2020-2-6,CO,0
2020-2-7,CO,0
2020-2-8,CO,0
2020-2-9,CO,0
2020-2-10,CO,0
2020-2-11,CO,0
2020-2-12,CO,0
2020-2-13,CO,0
2020-2-14,CO,0
2020-2-15,CO,0
2020-2-16,CO,0
2020-2-17,CO,0
2020-2-18,CO,0
2020-2-19,CO,0
2020-2-20,CO,0
2020-2-21,CO,0
2020-2-22,CO,0
2020-2-23,CO,0
2020-2-24,CO,0
2020-2-25,CO,0
2020-2-26,CO,0
2020-2-27,CO,0
2020-2-28,CO,0
2020-2-29,CO,0
2020-3-1,CO,0
2020-3-2,CO,0
2020-3-3,CO,0
2020-3-4,CO,0
2020-3-5,CO,0
2020-3-6,CO,6
2020-3-7,CO,0
2020-3-8,CO,0
2020-3-9,CO,4
2020-3-10,CO,5
2020-3-11,CO,17
2020-3-12,CO,15
2020-3-13,CO,29
2020-3-14,CO,25
2020-3-15,CO,33
2020-3-16,CO,25
2020-3-17,CO,22
2020-3-18,CO,33
2020-3-19,CO,62
2020-3-20,CO,86
2020-3-21,CO,111
2020-3-22,CO,116
2020-3-23,CO,130
2020-3-24,CO,191
2020-3-25,CO,174
2020-3-26,CO,346
2020-3-27,CO,303
2020-3-28,CO,326
2020-3-29,CO,254
2020-3-30,CO,313
2020-3-31,CO,362
2020-4-1,CO,356
2020-4-2,CO,382
2020-4-3,CO,454
2020-4-4,CO,392
2020-4-5,CO,376
2020-4-6,CO,222
2020-4-7,CO,257
2020-4-8,CO,226
2020-4-9,CO,547
2020-4-10,CO,308
2020-4-11,CO,383
2020-4-12,CO,410
2020-4-13,CO,388
2020-4-14,CO,250
2020-4-15,CO,339
2020-4-16,CO,395
2020-4-17,CO,372
2020-4-18,CO,386
2020-4-19,CO,297
2020-4-20,CO,376
2020-4-21,CO,341
2020-4-22,CO,431
2020-4-23,CO,384
2020-4-24,CO,993
2020-4-25,CO,712
2020-4-26,CO,473
2020-4-27,CO,364
2020-4-28,CO,435
2020-4-29,CO,441
2020-4-30,CO,527
2020-5-1,CO,454
2020-5-2,CO,457
2020-5-3,CO,409
2020-5-4,CO,272
2020-5-5,CO,457
2020-5-6,CO,464
2020-5-7,CO,544
2020-5-8,CO,455
2020-5-9,CO,548
2020-5-10,CO,328
2020-1-25,WY,0
2020-1-26,WY,0
2020-1-27,WY,0
2020-1-28,WY,0
2020-1-29,WY,0
2020-1-30,WY,0
2020-1-31,WY,0
2020-2-1,WY,0
2020-2-2,WY,0
2020-2-3,WY,0
2020-2-4,WY,0
2020-2-5,WY,0
2020-2-6,WY,0
2020-2-7,WY,0
2020-2-8,WY,0
2020-2-9,WY,0
2020-2-10,WY,0
2020-2-11,WY,0
2020-2-12,WY,0
2020-2-13,WY,0
2020-2-14,WY,0
2020-2-15,WY,0
2020-2-16,WY,0
2020-2-17,WY,0
2020-2-18,WY,0
2020-2-19,WY,0
2020-2-20,WY,0
2020-2-21,WY,0
2020-2-22,WY,0
2020-2-23,WY,0
2020-2-24,WY,0
2020-2-25,WY,0
2020-2-26,WY,0
2020-2-27,WY,0
2020-2-28,WY,0
2020-2-29,WY,0
2020-3-1,WY,0
2020-3-2,WY,0
2020-3-3,WY,0
2020-3-4,WY,0
2020-3-5,WY,0
2020-3-6,WY,0
2020-3-7,WY,0
2020-3-8,WY,0
2020-3-9,WY,0
2020-3-10,WY,0
2020-3-11,WY,0
2020-3-12,WY,0
2020-3-13,WY,1
2020-3-14,WY,1
2020-3-15,WY,0
2020-3-16,WY,7
2020-3-17,WY,5
2020-3-18,WY,2
2020-3-19,WY,1
2020-3-20,WY,4
2020-3-21,WY,2
2020-3-22,WY,2
2020-3-23,WY,2
2020-3-24,WY,9
2020-3-25,WY,12
2020-3-26,WY,7
2020-3-27,WY,17
2020-3-28,WY,11
2020-3-29,WY,3
2020-3-30,WY,8
2020-3-31,WY,25
2020-4-1,WY,17
2020-4-2,WY,16
2020-4-3,WY,13
2020-4-4,WY,22
2020-4-5,WY,12
2020-4-6,WY,12
2020-4-7,WY,9
2020-4-8,WY,9
2020-4-9,WY,9
2020-4-10,WY,14
2020-4-11,WY,8
2020-4-12,WY,9
2020-4-13,WY,5
2020-4-14,WY,7
2020-4-15,WY,6
2020-4-16,WY,8
2020-4-17,WY,9
2020-4-18,WY,4
2020-4-19,WY,4
2020-4-20,WY,4
2020-4-21,WY,5
2020-4-22,WY,4
2020-4-23,WY,127
2020-4-24,WY,20
2020-4-25,WY,0
2020-4-26,WY,29
2020-4-27,WY,18
2020-4-28,WY,16
2020-4-29,WY,8
2020-4-30,WY,15
2020-5-1,WY,7
2020-5-2,WY,13
2020-5-3,WY,7
2020-5-4,WY,10
2020-5-5,WY,8
2020-5-6,WY,27
2020-5-7,WY,4
2020-5-8,WY,9
2020-5-9,WY,9
2020-5-10,WY,9
2020-1-25,AK,0
2020-1-26,AK,0
2020-1-27,AK,0
2020-1-28,AK,0
2020-1-29,AK,0
2020-1-30,AK,0
2020-1-31,AK,0
2020-2-1,AK,0
2020-2-2,AK,0
2020-2-3,AK,0
2020-2-4,AK,0
2020-2-5,AK,0
2020-2-6,AK,0
2020-2-7,AK,0
2020-2-8,AK,0
2020-2-9,AK,0
2020-2-10,AK,0
2020-2-11,AK,0
2020-2-12,AK,0
2020-2-13,AK,0
2020-2-14,AK,0
2020-2-15,AK,0
2020-2-16,AK,0
2020-2-17,AK,0
2020-2-18,AK,0
2020-2-19,AK,0
2020-2-20,AK,0
2020-2-21,AK,0
2020-2-22,AK,0
2020-2-23,AK,0
2020-2-24,AK,0
2020-2-25,AK,0
2020-2-26,AK,0
2020-2-27,AK,0
2020-2-28,AK,0
2020-2-29,AK,0
2020-3-1,AK,0
2020-3-2,AK,0
2020-3-3,AK,0
2020-3-4,AK,0
2020-3-5,AK,0
2020-3-6,AK,0
2020-3-7,AK,0
2020-3-8,AK,0
2020-3-9,AK,0
2020-3-10,AK,0
2020-3-11,AK,0
2020-3-12,AK,0
2020-3-13,AK,0
2020-3-14,AK,0
2020-3-15,AK,0
2020-3-16,AK,2
2020-3-17,AK,3
2020-3-18,AK,3
2020-3-19,AK,3
2020-3-20,AK,2
2020-3-21,AK,7
2020-3-22,AK,1
2020-3-23,AK,14
2020-3-24,AK,6
2020-3-25,AK,17
2020-3-26,AK,10
2020-3-27,AK,16
2020-3-28,AK,17
2020-3-29,AK,12
2020-3-30,AK,5
2020-3-31,AK,14
2020-4-1,AK,10
2020-4-2,AK,3
2020-4-3,AK,10
2020-4-4,AK,13
2020-4-5,AK,14
2020-4-6,AK,6
2020-4-7,AK,22
2020-4-8,AK,13
2020-4-9,AK,9
2020-4-10,AK,11
2020-4-11,AK,11
2020-4-12,AK,15
2020-4-13,AK,5
2020-4-14,AK,8
2020-4-15,AK,8
2020-4-16,AK,7
2020-4-17,AK,9
2020-4-18,AK,5
2020-4-19,AK,5
2020-4-20,AK,2
2020-4-21,AK,8
2020-4-22,AK,6
2020-4-23,AK,2
2020-4-24,AK,2
2020-4-25,AK,0
2020-4-26,AK,2
2020-4-27,AK,4
2020-4-28,AK,6
2020-4-29,AK,4
2020-4-30,AK,0
2020-5-1,AK,9
2020-5-2,AK,1
2020-5-3,AK,3
2020-5-4,AK,2
2020-5-5,AK,1
2020-5-6,AK,1
2020-5-7,AK,3
2020-5-8,AK,3
2020-5-9,AK,1
2020-5-10,AK,1
2020-1-25,AZ,0
2020-1-26,AZ,0
2020-1-27,AZ,0
2020-1-28,AZ,0
2020-1-29,AZ,0
2020-1-30,AZ,0
2020-1-31,AZ,0
2020-2-1,AZ,0
2020-2-2,AZ,0
2020-2-3,AZ,0
2020-2-4,AZ,0
2020-2-5,AZ,0
2020-2-6,AZ,0
2020-2-7,AZ,0
2020-2-8,AZ,0
2020-2-9,AZ,0
2020-2-10,AZ,0
2020-2-11,AZ,0
2020-2-12,AZ,0
2020-2-13,AZ,0
2020-2-14,AZ,0
2020-2-15,AZ,0
2020-2-16,AZ,0
2020-2-17,AZ,0
2020-2-18,AZ,0
2020-2-19,AZ,0
2020-2-20,AZ,0
2020-2-21,AZ,0
2020-2-22,AZ,0
2020-2-23,AZ,0
2020-2-24,AZ,0
2020-2-25,AZ,0
2020-2-26,AZ,0
2020-2-27,AZ,0
2020-2-28,AZ,0
2020-2-29,AZ,0
2020-3-1,AZ,0
2020-3-2,AZ,0
2020-3-3,AZ,0
2020-3-4,AZ,0
2020-3-5,AZ,0
2020-3-6,AZ,0
2020-3-7,AZ,0
2020-3-8,AZ,0
2020-3-9,AZ,0
2020-3-10,AZ,0
2020-3-11,AZ,0
2020-3-12,AZ,0
2020-3-13,AZ,0
2020-3-14,AZ,3
2020-3-15,AZ,1
2020-3-16,AZ,5
2020-3-17,AZ,2
2020-3-18,AZ,8
2020-3-19,AZ,19
2020-3-20,AZ,23
2020-3-21,AZ,34
2020-3-22,AZ,49
2020-3-23,AZ,81
2020-3-24,AZ,92
2020-3-25,AZ,76
2020-3-26,AZ,106
2020-3-27,AZ,157
2020-3-28,AZ,108
2020-3-29,AZ,156
2020-3-30,AZ,240
2020-3-31,AZ,129
2020-4-1,AZ,115
2020-4-2,AZ,187
2020-4-3,AZ,169
2020-4-4,AZ,250
2020-4-5,AZ,250
2020-4-6,AZ,196
2020-4-7,AZ,110
2020-4-8,AZ,151
2020-4-9,AZ,292
2020-4-10,AZ,94
2020-4-11,AZ,281
2020-4-12,AZ,146
2020-4-13,AZ,163
2020-4-14,AZ,104
2020-4-15,AZ,156
2020-4-16,AZ,272
2020-4-17,AZ,273
2020-4-18,AZ,212
2020-4-19,AZ,210
2020-4-20,AZ,135
2020-4-21,AZ,187
2020-4-22,AZ,208
2020-4-23,AZ,310
2020-4-24,AZ,276
2020-4-25,AZ,235
2020-4-26,AZ,246
2020-4-27,AZ,190
2020-4-28,AZ,232
2020-4-29,AZ,254
2020-4-30,AZ,446
2020-5-1,AZ,314
2020-5-2,AZ,402
2020-5-3,AZ,276
2020-5-4,AZ,279
2020-5-5,AZ,386
2020-5-6,AZ,402
2020-5-7,AZ,238
2020-5-8,AZ,581
2020-5-9,AZ,434
2020-5-10,AZ,159
2020-1-25,RI,0
2020-1-26,RI,0
2020-1-27,RI,0
2020-1-28,RI,0
2020-1-29,RI,0
2020-1-30,RI,0
2020-1-31,RI,0
2020-2-1,RI,0
2020-2-2,RI,0
2020-2-3,RI,0
2020-2-4,RI,0
2020-2-5,RI,0
2020-2-6,RI,0
2020-2-7,RI,0
2020-2-8,RI,0
2020-2-9,RI,0
2020-2-10,RI,0
2020-2-11,RI,0
2020-2-12,RI,0
2020-2-13,RI,0
2020-2-14,RI,0
2020-2-15,RI,0
2020-2-16,RI,0
2020-2-17,RI,0
2020-2-18,RI,0
2020-2-19,RI,0
2020-2-20,RI,0
2020-2-21,RI,0
2020-2-22,RI,0
2020-2-23,RI,0
2020-2-24,RI,0
2020-2-25,RI,0
2020-2-26,RI,0
2020-2-27,RI,0
2020-2-28,RI,0
2020-2-29,RI,0
2020-3-1,RI,0
2020-3-2,RI,0
2020-3-3,RI,0
2020-3-4,RI,0
2020-3-5,RI,0
2020-3-6,RI,1
2020-3-7,RI,0
2020-3-8,RI,0
2020-3-9,RI,0
2020-3-10,RI,2
2020-3-11,RI,0
2020-3-12,RI,0
2020-3-13,RI,15
2020-3-14,RI,0
2020-3-15,RI,0
2020-3-16,RI,1
2020-3-17,RI,2
2020-3-18,RI,10
2020-3-19,RI,11
2020-3-20,RI,0
2020-3-21,RI,22
2020-3-22,RI,17
2020-3-23,RI,23
2020-3-24,RI,18
2020-3-25,RI,8
2020-3-26,RI,33
2020-3-27,RI,38
2020-3-28,RI,36
2020-3-29,RI,55
2020-3-30,RI,114
2020-3-31,RI,80
2020-4-1,RI,78
2020-4-2,RI,91
2020-4-3,RI,54
2020-4-4,RI,95
2020-4-5,RI,116
2020-4-6,RI,160
2020-4-7,RI,147
2020-4-8,RI,221
2020-4-9,RI,277
2020-4-10,RI,288
2020-4-11,RI,334
2020-4-12,RI,316
2020-4-13,RI,311
2020-4-14,RI,275
2020-4-15,RI,278
2020-4-16,RI,309
2020-4-17,RI,339
2020-4-18,RI,314
2020-4-19,RI,215
2020-4-20,RI,384
2020-4-21,RI,410
2020-4-22,RI,341
2020-4-23,RI,415
2020-4-24,RI,443
2020-4-25,RI,430
2020-4-26,RI,310
2020-4-27,RI,269
2020-4-28,RI,218
2020-4-29,RI,321
2020-4-30,RI,374
2020-5-1,RI,341
2020-5-2,RI,327
2020-5-3,RI,188
2020-5-4,RI,175
2020-5-5,RI,281
2020-5-6,RI,272
2020-5-7,RI,325
2020-5-8,RI,249
2020-5-9,RI,210
2020-5-10,RI,285
2020-1-25,VA,0
2020-1-26,VA,0
2020-1-27,VA,0
2020-1-28,VA,0
2020-1-29,VA,0
2020-1-30,VA,0
2020-1-31,VA,0
2020-2-1,VA,0
2020-2-2,VA,0
2020-2-3,VA,0
2020-2-4,VA,0
2020-2-5,VA,0
2020-2-6,VA,0
2020-2-7,VA,0
2020-2-8,VA,0
2020-2-9,VA,0
2020-2-10,VA,0
2020-2-11,VA,0
2020-2-12,VA,0
2020-2-13,VA,0
2020-2-14,VA,0
2020-2-15,VA,0
2020-2-16,VA,0
2020-2-17,VA,0
2020-2-18,VA,0
2020-2-19,VA,0
2020-2-20,VA,0
2020-2-21,VA,0
2020-2-22,VA,0
2020-2-23,VA,0
2020-2-24,VA,0
2020-2-25,VA,0
2020-2-26,VA,0
2020-2-27,VA,0
2020-2-28,VA,0
2020-2-29,VA,0
2020-3-1,VA,0
2020-3-2,VA,0
2020-3-3,VA,0
2020-3-4,VA,0
2020-3-5,VA,0
2020-3-6,VA,0
2020-3-7,VA,0
2020-3-8,VA,1
2020-3-9,VA,3
2020-3-10,VA,3
2020-3-11,VA,2
2020-3-12,VA,7
2020-3-13,VA,13
2020-3-14,VA,12
2020-3-15,VA,3
2020-3-16,VA,6
2020-3-17,VA,16
2020-3-18,VA,11
2020-3-19,VA,16
2020-3-20,VA,21
2020-3-21,VA,37
2020-3-22,VA,67
2020-3-23,VA,35
2020-3-24,VA,36
2020-3-25,VA,100
2020-3-26,VA,213
2020-3-27,VA,2
2020-3-28,VA,134
2020-3-29,VA,150
2020-3-30,VA,131
2020-3-31,VA,229
2020-4-1,VA,262
2020-4-2,VA,194
2020-4-3,VA,306
2020-4-4,VA,395
2020-4-5,VA,230
2020-4-6,VA,241
2020-4-7,VA,455
2020-4-8,VA,312
2020-4-9,VA,397
2020-4-10,VA,467
2020-4-11,VA,568
2020-4-12,VA,197
2020-4-13,VA,473
2020-4-14,VA,424
2020-4-15,VA,329
2020-4-16,VA,389
2020-4-17,VA,602
2020-4-18,VA,562
2020-4-19,VA,484
2020-4-20,VA,453
2020-4-21,VA,640
2020-4-22,VA,636
2020-4-23,VA,734
2020-4-24,VA,596
2020-4-25,VA,770
2020-4-26,VA,604
2020-4-27,VA,565
2020-4-28,VA,804
2020-4-29,VA,623
2020-4-30,VA,885
2020-5-1,VA,1055
2020-5-2,VA,830
2020-5-3,VA,940
2020-5-4,VA,821
2020-5-5,VA,764
2020-5-6,VA,0
2020-5-7,VA,1314
2020-5-8,VA,772
2020-5-9,VA,854
2020-5-10,VA,885
2020-1-25,NV,0
2020-1-26,NV,0
2020-1-27,NV,0
2020-1-28,NV,0
2020-1-29,NV,0
2020-1-30,NV,0
2020-1-31,NV,0
2020-2-1,NV,0
2020-2-2,NV,0
2020-2-3,NV,0
2020-2-4,NV,0
2020-2-5,NV,0
2020-2-6,NV,0
2020-2-7,NV,0
2020-2-8,NV,0
2020-2-9,NV,0
2020-2-10,NV,0
2020-2-11,NV,0
2020-2-12,NV,0
2020-2-13,NV,0
2020-2-14,NV,0
2020-2-15,NV,0
2020-2-16,NV,0
2020-2-17,NV,0
2020-2-18,NV,0
2020-2-19,NV,0
2020-2-20,NV,0
2020-2-21,NV,0
2020-2-22,NV,0
2020-2-23,NV,0
2020-2-24,NV,0
2020-2-25,NV,0
2020-2-26,NV,0
2020-2-27,NV,0
2020-2-28,NV,0
2020-2-29,NV,0
2020-3-1,NV,0
2020-3-2,NV,0
2020-3-3,NV,0
2020-3-4,NV,0
2020-3-5,NV,0
2020-3-6,NV,0
2020-3-7,NV,0
2020-3-8,NV,2
2020-3-9,NV,0
2020-3-10,NV,0
2020-3-11,NV,3
2020-3-12,NV,4
2020-3-13,NV,8
2020-3-14,NV,2
2020-3-15,NV,5
2020-3-16,NV,19
2020-3-17,NV,10
2020-3-18,NV,27
2020-3-19,NV,17
2020-3-20,NV,66
2020-3-21,NV,0
2020-3-22,NV,25
2020-3-23,NV,75
2020-3-24,NV,50
2020-3-25,NV,90
2020-3-26,NV,130
2020-3-27,NV,86
2020-3-28,NV,117
2020-3-29,NV,182
2020-3-30,NV,124
2020-3-31,NV,69
2020-4-1,NV,166
2020-4-2,NV,179
2020-4-3,NV,91
2020-4-4,NV,209
2020-4-5,NV,122
2020-4-6,NV,91
2020-4-7,NV,130
2020-4-8,NV,217
2020-4-9,NV,138
2020-4-10,NV,150
2020-4-11,NV,114
2020-4-12,NV,140
2020-4-13,NV,176
2020-4-14,NV,101
2020-4-15,NV,75
2020-4-16,NV,109
2020-4-17,NV,203
2020-4-18,NV,102
2020-4-19,NV,115
2020-4-20,NV,89
2020-4-21,NV,107
2020-4-22,NV,144
2020-4-23,NV,127
2020-4-24,NV,190
2020-4-25,NV,141
2020-4-26,NV,99
2020-4-27,NV,70
2020-4-28,NV,104
2020-4-29,NV,122
2020-4-30,NV,119
2020-5-1,NV,196
2020-5-2,NV,141
2020-5-3,NV,107
2020-5-4,NV,157
2020-5-5,NV,41
2020-5-6,NV,79
2020-5-7,NV,114
2020-5-8,NV,84
2020-5-9,NV,104
2020-5-10,NV,74
2020-1-25,NC,0
2020-1-26,NC,0
2020-1-27,NC,0
2020-1-28,NC,0
2020-1-29,NC,0
2020-1-30,NC,0
2020-1-31,NC,0
2020-2-1,NC,0
2020-2-2,NC,0
2020-2-3,NC,0
2020-2-4,NC,0
2020-2-5,NC,0
2020-2-6,NC,0
2020-2-7,NC,0
2020-2-8,NC,0
2020-2-9,NC,0
2020-2-10,NC,0
2020-2-11,NC,0
2020-2-12,NC,0
2020-2-13,NC,0
2020-2-14,NC,0
2020-2-15,NC,0
2020-2-16,NC,0
2020-2-17,NC,0
2020-2-18,NC,0
2020-2-19,NC,0
2020-2-20,NC,0
2020-2-21,NC,0
2020-2-22,NC,0
2020-2-23,NC,0
2020-2-24,NC,0
2020-2-25,NC,0
2020-2-26,NC,0
2020-2-27,NC,0
2020-2-28,NC,0
2020-2-29,NC,0
2020-3-1,NC,0
2020-3-2,NC,0
2020-3-3,NC,0
2020-3-4,NC,0
2020-3-5,NC,0
2020-3-6,NC,1
2020-3-7,NC,0
2020-3-8,NC,0
2020-3-9,NC,5
2020-3-10,NC,0
2020-3-11,NC,1
2020-3-12,NC,8
2020-3-13,NC,2
2020-3-14,NC,7
2020-3-15,NC,7
2020-3-16,NC,2
2020-3-17,NC,8
2020-3-18,NC,24
2020-3-19,NC,38
2020-3-20,NC,40
2020-3-21,NC,40
2020-3-22,NC,85
2020-3-23,NC,33
2020-3-24,NC,95
2020-3-25,NC,164
2020-3-26,NC,76
2020-3-27,NC,145
2020-3-28,NC,189
2020-3-29,NC,193
2020-3-30,NC,138
2020-3-31,NC,224
2020-4-1,NC,54
2020-4-2,NC,277
2020-4-3,NC,236
2020-4-4,NC,309
2020-4-5,NC,183
2020-4-6,NC,285
2020-4-7,NC,350
2020-4-8,NC,203
2020-4-9,NC,228
2020-4-10,NC,255
2020-4-11,NC,404
2020-4-12,NC,210
2020-4-13,NC,268
2020-4-14,NC,204
2020-4-15,NC,131
2020-4-16,NC,340
2020-4-17,NC,396
2020-4-18,NC,281
2020-4-19,NC,353
2020-4-20,NC,271
2020-4-21,NC,187
2020-4-22,NC,269
2020-4-23,NC,388
2020-4-24,NC,444
2020-4-25,NC,490
2020-4-26,NC,288
2020-4-27,NC,205
2020-4-28,NC,533
2020-4-29,NC,379
2020-4-30,NC,560
2020-5-1,NC,415
2020-5-2,NC,592
2020-5-3,NC,154
2020-5-4,NC,203
2020-5-5,NC,412
2020-5-6,NC,500
2020-5-7,NC,648
2020-5-8,NC,448
2020-5-9,NC,508
2020-5-10,NC,396
2020-1-25,ID,0
2020-1-26,ID,0
2020-1-27,ID,0
2020-1-28,ID,0
2020-1-29,ID,0
2020-1-30,ID,0
2020-1-31,ID,0
2020-2-1,ID,0
2020-2-2,ID,0
2020-2-3,ID,0
2020-2-4,ID,0
2020-2-5,ID,0
2020-2-6,ID,0
2020-2-7,ID,0
2020-2-8,ID,0
2020-2-9,ID,0
2020-2-10,ID,0
2020-2-11,ID,0
2020-2-12,ID,0
2020-2-13,ID,0
2020-2-14,ID,0
2020-2-15,ID,0
2020-2-16,ID,0
2020-2-17,ID,0
2020-2-18,ID,0
2020-2-19,ID,0
2020-2-20,ID,0
2020-2-21,ID,0
2020-2-22,ID,0
2020-2-23,ID,0
2020-2-24,ID,0
2020-2-25,ID,0
2020-2-26,ID,0
2020-2-27,ID,0
2020-2-28,ID,0
2020-2-29,ID,0
2020-3-1,ID,0
2020-3-2,ID,0
2020-3-3,ID,0
2020-3-4,ID,0
2020-3-5,ID,0
2020-3-6,ID,0
2020-3-7,ID,0
2020-3-8,ID,0
2020-3-9,ID,0
2020-3-10,ID,0
2020-3-11,ID,0
2020-3-12,ID,0
2020-3-13,ID,0
2020-3-14,ID,4
2020-3-15,ID,0
2020-3-16,ID,0
2020-3-17,ID,4
2020-3-18,ID,2
2020-3-19,ID,12
2020-3-20,ID,8
2020-3-21,ID,11
2020-3-22,ID,5
2020-3-23,ID,3
2020-3-24,ID,23
2020-3-25,ID,50
2020-3-26,ID,66
2020-3-27,ID,42
2020-3-28,ID,30
2020-3-29,ID,49
2020-3-30,ID,105
2020-3-31,ID,111
2020-4-1,ID,143
2020-4-2,ID,221
2020-4-3,ID,122
2020-4-4,ID,64
2020-4-5,ID,24
2020-4-6,ID,70
2020-4-7,ID,40
2020-4-8,ID,22
2020-4-9,ID,121
2020-4-10,ID,44
2020-4-11,ID,10
2020-4-12,ID,18
2020-4-13,ID,28
2020-4-14,ID,11
2020-4-15,ID,43
2020-4-16,ID,21
2020-4-17,ID,38
2020-4-18,ID,11
2020-4-19,ID,4
2020-4-20,ID,57
2020-4-21,ID,21
2020-4-22,ID,29
2020-4-23,ID,33
2020-4-24,ID,149
2020-4-25,ID,17
2020-4-26,ID,10
2020-4-27,ID,20
2020-4-28,ID,35
2020-4-29,ID,32
2020-4-30,ID,32
2020-5-1,ID,19
2020-5-2,ID,26
2020-5-3,ID,-2
2020-5-4,ID,47
2020-5-5,ID,21
2020-5-6,ID,31
2020-5-7,ID,20
2020-5-8,ID,27
2020-5-9,ID,25
2020-5-10,ID,2
